cliente_id;idade;genero;regiao;valor_total_compras;qtd_compras;engajamento_campanhas;percepcao_sustentabilidade;produtos_eco_comprados;reciclagem_participacao;tempo_cliente_meses;recompra;ticket_medio;cluster_cliente
1001;56;F;Norte;3449.23;12;10;10;7;True;80;False;287.44;Eco-Consciente
1002;19;F;Nordeste;2248.66;10;4;6;2;False;81;False;224.87;Neutro
1003;45;M;Nordeste;3029.63;17;6;8;7;True;67;False;178.21;Eco-Consciente
1004;38;F;Norte;3649.85;14;9;8;7;True;65;True;260.7;Eco-Consciente
1005;61;F;Norte;1660.23;11;3;5;3;False;83;True;150.93;Neutro
1006;21;F;Centro-Oeste;2800.17;17;9;9;10;True;49;False;164.72;Eco-Consciente
1007;57;M;Sudeste;915.58;3;1;5;2;True;58;False;305.19;Tradicional
1008;41;F;Nordeste;782.01;3;0;3;0;False;68;False;260.67;Tradicional
1009;58;M;Sudeste;2389.45;6;4;7;2;False;17;True;398.24;Neutro
1010;52;F;Nordeste;3093.89;18;10;10;8;True;83;False;171.88;Eco-Consciente
1011;59;F;Nordeste;1275.01;4;2;5;1;False;57;False;318.75;Tradicional
1012;30;F;Nordeste;2133.33;8;6;7;4;False;33;False;266.67;Neutro
1013;47;M;Nordeste;940.28;6;0;3;1;False;67;True;156.71;Tradicional
1014;25;F;Sul;2261.95;13;6;8;5;True;56;True;174.0;Eco-Consciente
1015;29;F;Sul;2796.98;16;8;9;12;True;61;True;174.81;Eco-Consciente
1016;19;F;Sul;2362.4;7;3;6;4;True;75;True;337.49;Neutro
1017;51;F;Sul;1551.67;8;4;7;2;False;21;False;193.96;Neutro
1018;36;M;Sudeste;2314.9;11;10;10;8;True;25;True;210.45;Eco-Consciente
1019;45;M;Nordeste;3594.28;18;6;10;6;True;36;False;199.68;Eco-Consciente
1020;19;M;Centro-Oeste;2888.0;19;9;9;12;True;74;False;152.0;Eco-Consciente
1021;41;F;Sudeste;2269.99;8;2;5;4;False;80;False;283.75;Neutro
1022;63;F;Sudeste;1771.03;4;1;5;1;False;66;True;442.76;Tradicional
1023;34;F;Sul;1103.12;5;0;4;0;True;64;False;220.62;Tradicional
1024;51;F;Sudeste;3765.25;18;10;10;10;True;69;False;209.18;Eco-Consciente
1025;61;M;Centro-Oeste;3113.68;8;8;10;12;True;11;True;389.21;Eco-Consciente
1026;50;F;Nordeste;3916.64;10;10;8;10;True;37;False;391.66;Eco-Consciente
1027;20;F;Norte;3840.39;17;7;8;6;True;37;True;225.91;Eco-Consciente
1028;50;F;Sudeste;2306.38;15;8;9;6;True;44;True;153.76;Eco-Consciente
1029;53;M;Sudeste;789.75;3;2;4;0;False;21;True;263.25;Tradicional
1030;42;F;Centro-Oeste;1439.23;5;2;4;1;False;27;False;287.85;Tradicional
1031;54;F;Sudeste;2258.16;18;9;9;10;True;10;True;125.45;Eco-Consciente
1032;59;F;Sudeste;1498.7;7;1;5;2;False;68;False;214.1;Tradicional
1033;29;F;Nordeste;1619.58;3;1;3;1;False;6;False;539.86;Tradicional
1034;22;F;Sul;3095.68;14;6;8;9;True;81;True;221.12;Eco-Consciente
1035;47;M;Sudeste;1729.5;8;6;8;10;True;81;True;216.19;Eco-Consciente
1036;27;M;Sudeste;1414.75;4;0;5;0;False;57;False;353.69;Tradicional
1037;19;F;Sudeste;1244.4;11;3;5;5;False;29;False;113.13;Neutro
1038;18;M;Centro-Oeste;2412.2;7;2;5;2;False;49;True;344.6;Neutro
1039;34;F;Sul;3045.63;14;7;8;7;True;79;True;217.55;Eco-Consciente
1040;53;F;Centro-Oeste;1391.84;7;0;5;1;False;41;True;198.83;Tradicional
1041;29;F;Sudeste;1109.22;7;2;3;2;False;35;False;158.46;Tradicional
1042;58;M;Sul;1583.8;8;2;6;2;False;33;False;197.98;Neutro
1043;42;F;Nordeste;800.87;6;2;4;2;True;58;False;133.48;Tradicional
1044;22;M;Sul;1795.52;4;0;3;1;False;80;True;448.88;Tradicional
1045;24;F;Nordeste;3667.17;13;7;9;8;True;14;False;282.09;Eco-Consciente
1046;18;M;Nordeste;1871.96;9;6;5;2;True;76;False;208.0;Neutro
1047;27;M;Nordeste;1314.24;5;1;5;2;False;72;True;262.85;Tradicional
1048;45;M;Sul;2119.07;9;3;5;4;False;30;False;235.45;Neutro
1049;33;F;Centro-Oeste;2890.01;12;7;8;12;True;41;True;240.83;Eco-Consciente
1050;20;M;Norte;1023.94;3;1;5;0;False;17;False;341.31;Tradicional
1051;43;F;Nordeste;1924.2;11;9;8;12;True;33;True;174.93;Eco-Consciente
1052;30;M;Nordeste;1040.48;6;2;4;2;False;51;True;173.41;Tradicional
1053;62;F;Sul;791.02;4;2;3;2;False;70;False;197.76;Tradicional
1054;30;F;Norte;1766.91;5;2;3;1;False;6;True;353.38;Tradicional
1055;20;F;Sudeste;3999.29;13;9;8;9;True;42;False;307.64;Eco-Consciente
1056;62;F;Nordeste;1822.9;10;10;9;5;True;37;True;182.29;Eco-Consciente
1057;29;M;Centro-Oeste;2690.53;10;7;9;6;True;62;True;269.05;Eco-Consciente
1058;51;F;Sudeste;1319.45;10;6;5;3;False;35;False;131.94;Neutro
1059;47;F;Sudeste;2627.28;19;7;8;10;True;10;False;138.28;Eco-Consciente
1060;23;F;Nordeste;1688.7;6;2;6;2;True;48;True;281.45;Neutro
1061;33;F;Nordeste;2961.92;18;6;10;11;True;61;True;164.55;Eco-Consciente
1062;22;F;Nordeste;946.23;7;2;3;1;False;27;True;135.18;Tradicional
1063;62;F;Norte;2410.67;17;6;9;10;True;52;True;141.8;Eco-Consciente
1064;53;M;Sudeste;1652.69;17;8;10;12;True;57;True;97.22;Eco-Consciente
1065;31;F;Nordeste;2656.34;17;7;10;10;True;8;False;156.26;Eco-Consciente
1066;42;M;Nordeste;1798.93;11;5;5;3;False;44;True;163.54;Neutro
1067;42;F;Sudeste;2083.04;11;7;9;8;True;23;True;189.37;Eco-Consciente
1068;58;F;Sudeste;1846.69;6;3;7;5;False;69;False;307.78;Neutro
1069;39;F;Sul;3834.23;12;10;9;9;True;9;False;319.52;Eco-Consciente
1070;54;M;Nordeste;2811.28;15;6;10;7;True;71;True;187.42;Eco-Consciente
1071;19;F;Sudeste;887.98;5;2;4;1;False;56;False;177.6;Tradicional
1072;37;F;Nordeste;2563.59;8;7;9;8;True;19;True;320.45;Eco-Consciente
1073;27;F;Sul;1890.82;10;4;7;5;True;7;True;189.08;Neutro
1074;47;F;Sudeste;828.37;5;0;5;0;True;65;False;165.67;Tradicional
1075;18;M;Sudeste;1953.08;10;8;8;6;True;69;False;195.31;Eco-Consciente
1076;31;F;Sul;905.05;5;0;4;1;False;47;False;181.01;Tradicional
1077;42;F;Sul;1293.76;3;2;4;2;False;71;False;431.25;Tradicional
1078;25;M;Nordeste;1066.1;5;2;5;2;False;34;False;213.22;Tradicional
1079;50;F;Sudeste;1477.68;5;2;3;1;False;15;False;295.54;Tradicional
1080;32;M;Nordeste;1631.1;6;1;4;0;True;52;False;271.85;Tradicional
1081;44;F;Nordeste;1297.0;5;2;5;2;False;79;True;259.4;Tradicional
1082;35;F;Norte;1883.38;15;7;9;7;True;65;True;125.56;Eco-Consciente
1083;45;F;Norte;1557.56;17;9;8;12;True;56;True;91.62;Eco-Consciente
1084;63;F;Sudeste;959.5;4;1;5;2;True;6;False;239.87;Tradicional
1085;43;F;Sul;1308.37;5;6;7;2;False;30;False;261.67;Neutro
1086;61;M;Nordeste;1197.44;5;2;4;2;False;30;False;239.49;Tradicional
1087;38;F;Centro-Oeste;1948.4;8;2;5;2;False;54;False;243.55;Neutro
1088;36;F;Sul;1040.93;5;2;3;0;False;54;True;208.19;Tradicional
1089;45;F;Sul;1679.93;6;4;6;2;False;56;True;279.99;Neutro
1090;27;M;Sul;3383.12;17;10;10;11;True;60;True;199.01;Eco-Consciente
1091;25;F;Sudeste;954.18;5;0;3;0;False;72;False;190.84;Tradicional
1092;60;M;Centro-Oeste;1904.8;10;3;7;5;False;59;True;190.48;Neutro
1093;38;F;Nordeste;1713.77;14;7;10;6;True;41;True;122.41;Eco-Consciente
1094;20;F;Nordeste;1389.14;6;2;7;2;True;10;True;231.52;Neutro
1095;41;F;Sudeste;1743.3;6;0;4;0;False;64;False;290.55;Tradicional
1096;62;F;Nordeste;1515.86;4;0;4;2;False;27;False;378.96;Tradicional
1097;38;M;Sul;1451.5;4;1;3;0;False;39;False;362.88;Tradicional
1098;48;M;Sudeste;1205.33;5;3;7;2;True;17;False;241.07;Neutro
1099;63;F;Nordeste;1574.71;6;3;5;2;False;70;True;262.45;Neutro
1100;56;F;Centro-Oeste;1655.79;8;3;5;2;False;60;False;206.97;Neutro
1101;60;M;Centro-Oeste;988.49;5;0;3;1;True;78;False;197.7;Tradicional
1102;57;F;Nordeste;2738.73;18;6;8;5;True;8;True;152.15;Eco-Consciente
1103;54;F;Centro-Oeste;2975.58;10;8;9;10;True;66;False;297.56;Eco-Consciente
1104;38;M;Sudeste;2309.42;11;2;7;5;False;75;False;209.95;Neutro
1105;33;M;Nordeste;1436.91;4;2;5;1;True;12;True;359.23;Tradicional
1106;35;M;Norte;1632.64;9;2;7;5;True;23;True;181.4;Neutro
1107;40;F;Nordeste;1795.4;6;4;5;3;False;9;False;299.23;Neutro
1108;19;F;Sudeste;2567.04;19;7;8;12;True;35;True;135.11;Eco-Consciente
1109;46;M;Sul;3994.84;11;7;10;7;True;62;True;363.17;Eco-Consciente
1110;37;M;Nordeste;2544.42;14;6;9;10;True;8;True;181.74;Eco-Consciente
1111;63;F;Nordeste;2972.77;8;7;9;10;True;73;True;371.6;Eco-Consciente
1112;30;M;Sudeste;1780.56;5;0;3;2;False;9;True;356.11;Tradicional
1113;51;F;Norte;832.37;5;2;4;0;False;8;False;166.47;Tradicional
1114;59;F;Sul;1720.53;4;1;5;2;False;22;True;430.13;Tradicional
1115;51;F;Sul;1352.23;7;1;3;0;False;34;False;193.18;Tradicional
1116;51;F;Sul;1305.94;5;1;3;2;False;77;False;261.19;Tradicional
1117;22;M;Norte;2050.46;19;7;9;9;True;50;True;107.92;Eco-Consciente
1118;62;M;Sul;1815.67;9;3;7;5;False;45;True;201.74;Neutro
1119;59;F;Sudeste;2096.73;12;6;8;7;True;65;True;174.73;Eco-Consciente
1120;47;M;Norte;705.66;5;1;3;2;False;7;False;141.13;Tradicional
1121;51;F;Sul;1839.77;11;3;5;3;True;40;True;167.25;Neutro
1122;32;M;Nordeste;3600.3;19;7;8;12;True;73;True;189.49;Eco-Consciente
1123;35;M;Centro-Oeste;1220.93;4;2;3;1;False;34;False;305.23;Tradicional
1124;64;F;Sudeste;1033.19;10;5;5;5;True;63;True;103.32;Neutro
1125;56;F;Sudeste;2565.45;16;7;8;8;True;80;True;160.34;Eco-Consciente
1126;61;F;Sudeste;2183.15;8;9;9;7;True;52;True;272.89;Eco-Consciente
1127;55;F;Nordeste;1614.0;8;4;5;2;False;69;False;201.75;Neutro
1128;46;M;Sudeste;904.08;3;1;5;2;False;51;False;301.36;Tradicional
1129;37;M;Sul;3802.12;10;10;8;12;True;83;True;380.21;Eco-Consciente
1130;19;M;Nordeste;1241.24;10;5;5;3;True;82;True;124.12;Neutro
1131;42;M;Sudeste;1437.49;9;3;6;4;False;13;False;159.72;Neutro
1132;37;F;Sudeste;720.2;6;0;3;0;False;7;False;120.03;Tradicional
1133;55;F;Sudeste;1136.62;4;1;3;0;True;20;True;284.15;Tradicional
1134;26;M;Norte;3266.19;13;6;10;9;True;37;True;251.25;Eco-Consciente
1135;37;F;Sudeste;1232.84;5;1;4;1;False;27;False;246.57;Tradicional
1136;29;F;Sudeste;1090.53;11;2;6;3;True;24;False;99.14;Neutro
1137;61;F;Sudeste;3146.77;10;10;10;9;True;27;True;314.68;Eco-Consciente
1138;32;F;Sul;2020.34;9;4;7;5;True;36;True;224.48;Neutro
1139;51;F;Sudeste;1336.54;6;0;4;1;False;39;False;222.76;Tradicional
1140;35;F;Sudeste;1315.99;9;4;7;3;False;31;False;146.22;Neutro
1141;55;F;Nordeste;899.07;7;2;4;1;False;65;False;128.44;Tradicional
1142;45;F;Sudeste;1586.62;5;2;6;4;True;70;False;317.32;Neutro
1143;20;F;Nordeste;2086.69;17;10;10;11;True;15;True;122.75;Eco-Consciente
1144;37;F;Sudeste;3266.94;13;10;10;8;True;52;True;251.3;Eco-Consciente
1145;31;F;Sul;1809.86;8;2;7;4;False;25;True;226.23;Neutro
1146;31;M;Sul;1474.23;5;4;6;2;False;48;True;294.85;Neutro
1147;40;F;Nordeste;2636.85;18;10;8;11;True;50;True;146.49;Eco-Consciente
1148;64;F;Sudeste;1439.86;7;2;4;0;True;60;False;205.69;Tradicional
1149;29;F;Sudeste;3577.19;15;7;9;5;True;73;True;238.48;Eco-Consciente
1150;19;M;Norte;1766.48;19;10;8;5;True;78;False;92.97;Eco-Consciente
1151;51;F;Nordeste;1512.29;6;0;3;0;False;24;False;252.05;Tradicional
1152;38;F;Sul;1113.24;3;0;5;2;False;76;False;371.08;Tradicional
1153;55;F;Sudeste;1559.88;8;6;5;2;True;83;False;194.98;Neutro
1154;46;F;Sul;2270.75;8;4;5;3;False;53;False;283.84;Neutro
1155;62;M;Sul;2073.24;7;4;7;3;False;52;True;296.18;Neutro
1156;51;F;Sudeste;1227.1;5;2;5;2;True;57;False;245.42;Tradicional
1157;43;F;Nordeste;999.89;6;2;4;1;False;79;False;166.65;Tradicional
1158;37;F;Sudeste;2141.41;11;6;9;9;True;6;True;194.67;Eco-Consciente
1159;26;M;Sudeste;1772.76;8;4;5;4;False;47;False;221.6;Neutro
1160;36;M;Sudeste;2255.15;15;7;10;9;True;23;False;150.34;Eco-Consciente
1161;51;F;Sul;2088.09;19;7;8;11;True;27;True;109.9;Eco-Consciente
1162;42;M;Nordeste;1385.33;9;5;7;5;False;23;True;153.93;Neutro
1163;21;M;Sudeste;1192.59;7;2;5;4;False;44;False;170.37;Neutro
1164;50;F;Sul;1979.67;15;10;8;8;True;73;True;131.98;Eco-Consciente
1165;61;F;Nordeste;1352.09;5;0;5;0;False;75;True;270.42;Tradicional
1166;25;F;Norte;2615.88;11;6;10;6;True;74;True;237.81;Eco-Consciente
1167;33;F;Nordeste;1634.03;11;2;7;5;False;13;False;148.55;Neutro
1168;18;M;Sul;1791.73;6;0;5;2;True;75;True;298.62;Tradicional
1169;50;F;Nordeste;769.42;6;0;3;1;True;7;False;128.24;Tradicional
1170;23;M;Sul;2413.58;6;4;7;5;True;65;False;402.26;Neutro
1171;47;M;Sudeste;3543.62;10;6;9;10;True;11;True;354.36;Eco-Consciente
1172;19;F;Centro-Oeste;1557.23;18;6;10;9;True;15;False;86.51;Eco-Consciente
1173;63;F;Sul;1848.0;13;6;10;10;True;46;False;142.15;Eco-Consciente
1174;29;M;Sul;1348.83;9;3;5;3;False;18;False;149.87;Neutro
1175;40;F;Norte;719.46;4;0;5;1;True;39;False;179.86;Tradicional
1176;40;F;Nordeste;3048.74;16;8;9;9;True;78;False;190.55;Eco-Consciente
1177;34;F;Nordeste;3082.97;15;9;8;8;True;57;True;205.53;Eco-Consciente
1178;52;F;Sul;1194.76;7;1;5;0;False;19;True;170.68;Tradicional
1179;55;F;Sudeste;1722.02;10;6;6;4;False;63;True;172.2;Neutro
1180;54;M;Sul;2463.81;6;6;5;3;True;65;False;410.64;Neutro
1181;35;F;Sul;1487.01;8;6;6;3;True;57;False;185.88;Neutro
1182;58;M;Sul;2180.36;5;3;5;2;False;34;True;436.07;Neutro
1183;32;M;Sul;1684.63;3;0;5;2;False;50;True;561.54;Tradicional
1184;18;F;Norte;741.82;5;0;5;0;True;29;True;148.36;Tradicional
1185;24;M;Sul;2456.12;7;3;7;3;False;63;True;350.87;Neutro
1186;25;M;Sudeste;2451.79;11;3;6;4;True;71;False;222.89;Neutro
1187;42;F;Norte;3436.58;16;9;9;8;True;15;False;214.79;Eco-Consciente
1188;51;F;Nordeste;2956.06;19;7;9;9;True;45;True;155.58;Eco-Consciente
1189;39;F;Centro-Oeste;2471.63;9;8;9;8;True;49;True;274.63;Eco-Consciente
1190;29;M;Nordeste;1647.51;3;0;5;1;False;18;True;549.17;Tradicional
1191;42;M;Norte;759.24;5;1;4;2;True;7;True;151.85;Tradicional
1192;30;F;Sudeste;865.74;6;2;4;2;False;61;False;144.29;Tradicional
1193;54;F;Sul;2942.93;16;10;9;11;True;21;False;183.93;Eco-Consciente
1194;42;F;Sudeste;1580.08;5;2;3;2;False;32;False;316.02;Tradicional
1195;29;M;Nordeste;3402.48;13;6;9;6;True;39;False;261.73;Eco-Consciente
1196;21;F;Sudeste;1753.08;6;4;7;4;False;15;False;292.18;Neutro
1197;55;F;Nordeste;1267.56;6;6;6;2;True;50;True;211.26;Neutro
1198;21;F;Sul;1156.21;6;5;5;3;False;35;False;192.7;Neutro
1199;39;M;Sudeste;3091.23;10;9;10;5;True;63;True;309.12;Eco-Consciente
1200;45;M;Centro-Oeste;1177.42;4;2;3;1;False;50;True;294.36;Tradicional
1201;28;M;Centro-Oeste;2486.69;8;5;7;4;False;74;True;310.84;Neutro
1202;62;M;Centro-Oeste;3250.63;13;7;10;9;True;56;False;250.05;Eco-Consciente
1203;37;M;Sul;3604.83;12;7;10;9;True;10;True;300.4;Eco-Consciente
1204;63;F;Nordeste;1010.54;5;3;7;2;False;36;False;202.11;Neutro
1205;24;F;Centro-Oeste;1423.28;8;6;6;5;True;15;True;177.91;Neutro
1206;60;F;Centro-Oeste;872.02;6;1;3;0;False;62;True;145.34;Tradicional
1207;49;F;Centro-Oeste;3749.58;9;8;10;10;True;20;False;416.62;Eco-Consciente
1208;20;M;Nordeste;2469.33;9;3;6;2;False;54;True;274.37;Neutro
1209;24;M;Sul;1492.01;4;0;3;0;True;29;True;373.0;Tradicional
1210;23;F;Sudeste;1303.72;4;1;5;0;False;79;True;325.93;Tradicional
1211;56;F;Norte;1152.94;7;0;4;1;False;45;True;164.71;Tradicional
1212;38;F;Nordeste;2743.14;14;8;10;11;True;20;True;195.94;Eco-Consciente
1213;43;F;Sudeste;1316.2;6;1;4;2;False;8;False;219.37;Tradicional
1214;60;M;Centro-Oeste;1677.55;7;5;7;3;True;17;True;239.65;Neutro
1215;26;F;Centro-Oeste;2191.1;15;9;8;8;True;47;True;146.07;Eco-Consciente
1216;60;M;Nordeste;2359.21;6;3;7;5;False;6;True;393.2;Neutro
1217;63;F;Sudeste;2600.81;13;9;10;9;True;17;True;200.06;Eco-Consciente
1218;47;F;Nordeste;3960.28;12;6;10;9;True;64;True;330.02;Eco-Consciente
1219;51;F;Sul;1573.41;11;6;10;5;True;66;True;143.04;Eco-Consciente
1220;28;M;Sudeste;3398.96;16;7;9;7;True;78;True;212.43;Eco-Consciente
1221;50;F;Nordeste;1169.41;6;4;6;3;True;46;False;194.9;Neutro
1222;34;M;Sul;3052.32;13;8;8;11;True;20;True;234.79;Eco-Consciente
1223;45;M;Nordeste;2287.3;15;10;9;6;True;25;True;152.49;Eco-Consciente
1224;52;M;Sul;1263.92;7;2;5;2;False;19;False;180.56;Tradicional
1225;50;M;Norte;3162.46;9;6;10;8;True;64;True;351.38;Eco-Consciente
1226;31;F;Norte;1619.14;11;5;5;5;True;45;False;147.19;Neutro
1227;36;M;Norte;1701.85;4;2;4;0;False;76;False;425.46;Tradicional
1228;55;F;Norte;2309.13;10;5;7;2;True;35;True;230.91;Neutro
1229;31;M;Norte;1445.86;7;5;5;3;False;73;False;206.55;Neutro
1230;47;F;Nordeste;903.86;7;0;4;1;False;55;False;129.12;Tradicional
1231;26;F;Sudeste;2106.35;5;5;5;4;False;70;True;421.27;Neutro
1232;43;F;Nordeste;1206.29;7;5;6;5;False;26;False;172.33;Neutro
1233;39;M;Centro-Oeste;1197.54;8;6;7;5;False;71;True;149.69;Neutro
1234;35;F;Sul;1106.4;5;2;5;5;False;32;True;221.28;Neutro
1235;57;F;Sul;2682.43;10;6;8;9;True;61;True;268.24;Eco-Consciente
1236;50;F;Sudeste;1055.08;8;2;6;2;True;54;True;131.89;Neutro
1237;56;F;Norte;1925.6;9;2;5;5;True;69;False;213.96;Neutro
1238;29;M;Sudeste;1128.86;5;0;5;1;True;17;False;225.77;Tradicional
1239;42;F;Norte;3553.0;15;7;10;8;True;52;True;236.87;Eco-Consciente
1240;35;F;Sudeste;2200.53;8;3;6;3;False;45;False;275.07;Neutro
1241;46;F;Sul;3374.63;9;7;10;11;True;80;True;374.96;Eco-Consciente
1242;23;F;Centro-Oeste;2310.55;8;4;6;2;False;43;False;288.82;Neutro
1243;62;F;Centro-Oeste;1024.54;3;1;3;0;False;67;False;341.51;Tradicional
1244;35;F;Norte;2468.48;18;6;9;8;True;78;True;137.14;Eco-Consciente
1245;49;F;Sudeste;1708.3;5;1;5;2;False;38;False;341.66;Tradicional
1246;64;F;Norte;2335.15;5;5;5;4;True;65;True;467.03;Neutro
1247;22;F;Sudeste;2278.04;13;8;9;7;True;61;False;175.23;Eco-Consciente
1248;20;M;Sul;1342.73;7;5;5;2;False;32;True;191.82;Neutro
1249;47;F;Sudeste;1531.83;7;2;4;2;True;42;False;218.83;Tradicional
1250;64;F;Norte;2863.45;18;9;9;8;True;27;True;159.08;Eco-Consciente
1251;40;F;Nordeste;1920.84;12;6;8;6;True;37;True;160.07;Eco-Consciente
1252;28;F;Nordeste;2175.62;19;10;9;11;True;68;True;114.51;Eco-Consciente
1253;35;F;Sudeste;2490.77;8;3;7;5;False;24;True;311.35;Neutro
1254;44;M;Sudeste;2360.41;11;5;5;2;False;50;True;214.58;Neutro
1255;37;F;Norte;1644.35;15;8;10;8;True;75;True;109.62;Eco-Consciente
1256;50;F;Sul;1737.13;7;5;6;4;True;32;True;248.16;Neutro
1257;64;M;Sudeste;1683.97;8;3;5;4;False;40;True;210.5;Neutro
1258;49;F;Nordeste;3100.5;8;9;8;5;True;72;True;387.56;Eco-Consciente
1259;39;M;Sudeste;1715.27;9;6;7;4;True;47;False;190.59;Neutro
1260;47;F;Centro-Oeste;1316.06;5;5;6;2;True;13;False;263.21;Neutro
1261;32;F;Sudeste;3585.36;8;8;8;8;True;10;False;448.17;Eco-Consciente
1262;63;F;Sudeste;1139.01;4;0;5;1;True;80;True;284.75;Tradicional
1263;55;F;Norte;3244.39;10;9;8;9;True;39;False;324.44;Eco-Consciente
1264;51;F;Sudeste;2000.28;11;5;6;3;False;83;True;181.84;Neutro
1265;58;F;Norte;3605.58;8;10;10;9;True;24;True;450.7;Eco-Consciente
1266;25;F;Sudeste;1680.92;8;2;7;4;False;19;True;210.12;Neutro
1267;30;M;Sudeste;2908.22;11;10;10;10;True;17;True;264.38;Eco-Consciente
1268;32;F;Nordeste;1635.83;19;7;9;11;True;31;True;86.1;Eco-Consciente
1269;61;M;Nordeste;1005.73;9;2;7;5;False;16;False;111.75;Neutro
1270;35;M;Sul;2283.37;11;6;10;6;True;54;True;207.58;Eco-Consciente
1271;44;M;Sudeste;1243.2;3;2;3;0;False;52;True;414.4;Tradicional
1272;64;M;Nordeste;842.56;6;0;3;0;False;17;False;140.43;Tradicional
1273;31;M;Norte;2644.25;9;9;8;7;True;76;False;293.81;Eco-Consciente
1274;39;F;Sudeste;1986.03;7;6;7;3;True;50;True;283.72;Neutro
1275;45;M;Nordeste;1967.25;9;5;6;4;True;26;True;218.58;Neutro
1276;61;F;Sudeste;3455.04;12;6;8;10;True;18;True;287.92;Eco-Consciente
1277;64;F;Centro-Oeste;1578.55;10;6;9;6;True;29;True;157.86;Eco-Consciente
1278;57;F;Sudeste;1200.41;3;1;4;1;False;58;True;400.14;Tradicional
1279;42;M;Sul;1026.33;9;2;6;2;True;62;True;114.04;Neutro
1280;64;F;Sul;2870.96;11;8;8;8;True;13;False;261.0;Eco-Consciente
1281;46;F;Sul;772.26;3;0;4;2;False;49;True;257.42;Tradicional
1282;32;F;Sudeste;1416.05;5;0;5;0;False;22;True;283.21;Tradicional
1283;62;F;Centro-Oeste;3617.99;18;7;8;6;True;77;True;201.0;Eco-Consciente
1284;41;M;Sul;2421.09;10;5;7;4;False;36;False;242.11;Neutro
1285;28;F;Sul;2743.28;16;6;9;9;True;43;True;171.46;Eco-Consciente
1286;55;M;Sudeste;3905.78;13;10;9;9;True;83;True;300.44;Eco-Consciente
1287;61;M;Centro-Oeste;1313.78;7;4;6;3;False;82;True;187.68;Neutro
1288;43;F;Nordeste;2427.14;7;5;6;2;True;23;False;346.73;Neutro
1289;46;M;Centro-Oeste;1975.27;10;7;9;10;True;48;True;197.53;Eco-Consciente
1290;60;F;Nordeste;1490.16;3;2;3;1;False;49;True;496.72;Tradicional
1291;59;F;Sudeste;3085.91;15;10;9;11;True;77;False;205.73;Eco-Consciente
1292;53;F;Sul;2702.23;17;8;8;9;True;32;False;158.95;Eco-Consciente
1293;47;M;Centro-Oeste;1588.69;9;2;5;4;True;83;False;176.52;Neutro
1294;43;M;Nordeste;1632.0;3;0;3;2;False;15;False;544.0;Tradicional
1295;58;M;Sudeste;1653.45;7;0;4;0;True;16;False;236.21;Tradicional
1296;24;M;Sul;1529.58;11;5;6;4;True;83;False;139.05;Neutro
1297;63;F;Norte;1443.54;11;3;5;2;True;73;True;131.23;Neutro
1298;53;M;Sudeste;1619.41;7;0;5;2;False;9;True;231.34;Tradicional
1299;58;F;Sul;1131.01;7;2;3;2;False;59;False;161.57;Tradicional
1300;39;M;Centro-Oeste;1181.23;5;2;5;1;True;43;False;236.25;Tradicional
1301;54;M;Sudeste;1454.4;10;2;5;2;False;83;True;145.44;Neutro
1302;38;F;Sul;3385.62;12;9;10;12;True;36;False;282.14;Eco-Consciente
1303;49;F;Nordeste;2959.43;18;7;10;10;True;73;False;164.41;Eco-Consciente
1304;53;M;Sul;1770.78;5;4;5;2;True;71;False;354.16;Neutro
1305;34;F;Norte;837.64;7;2;4;0;True;78;True;119.66;Tradicional
1306;29;F;Sul;1797.19;8;9;8;7;True;69;True;224.65;Eco-Consciente
1307;50;M;Sul;2258.5;10;5;6;2;True;9;False;225.85;Neutro
1308;44;F;Nordeste;1644.39;9;2;5;2;False;69;False;182.71;Neutro
1309;40;F;Sudeste;1444.87;6;2;5;1;False;62;False;240.81;Tradicional
1310;35;F;Nordeste;3954.76;10;8;9;12;True;17;True;395.48;Eco-Consciente
1311;45;F;Norte;2335.12;16;8;8;10;True;64;True;145.95;Eco-Consciente
1312;47;F;Centro-Oeste;2331.14;9;6;10;10;True;18;False;259.02;Eco-Consciente
1313;46;F;Centro-Oeste;1526.03;6;2;4;2;False;62;True;254.34;Tradicional
1314;58;M;Sudeste;1169.96;10;3;5;3;False;46;True;117.0;Neutro
1315;41;F;Centro-Oeste;2110.24;6;4;7;3;False;48;False;351.71;Neutro
1316;36;F;Sudeste;1730.17;19;9;10;5;True;35;True;91.06;Eco-Consciente
1317;53;F;Norte;1915.01;5;4;6;2;False;73;False;383.0;Neutro
1318;38;F;Sudeste;2032.71;10;7;8;11;True;35;True;203.27;Eco-Consciente
1319;18;F;Sudeste;1812.99;7;2;5;5;False;51;True;259.0;Neutro
1320;38;M;Sul;1490.57;8;2;6;3;False;20;False;186.32;Neutro
1321;58;F;Sudeste;1919.94;5;4;6;4;False;45;False;383.99;Neutro
1322;51;F;Sul;717.39;5;2;5;2;False;72;True;143.48;Tradicional
1323;36;F;Nordeste;2327.45;11;3;6;5;True;51;True;211.59;Neutro
1324;23;M;Nordeste;1556.67;5;4;6;5;True;65;True;311.33;Neutro
1325;55;F;Sul;1393.27;5;0;4;2;False;42;False;278.65;Tradicional
1326;60;F;Centro-Oeste;1885.35;11;4;6;2;True;6;False;171.4;Neutro
1327;22;M;Centro-Oeste;1167.82;9;3;5;2;False;76;False;129.76;Neutro
1328;59;F;Sul;1717.02;5;2;5;0;True;68;True;343.4;Tradicional
1329;63;F;Sul;1748.1;6;0;5;1;False;44;True;291.35;Tradicional
1330;56;F;Sudeste;2883.43;10;10;8;10;True;47;False;288.34;Eco-Consciente
1331;46;F;Sul;1533.13;16;8;9;5;True;37;True;95.82;Eco-Consciente
1332;54;M;Sul;1504.98;9;10;8;11;True;27;True;167.22;Eco-Consciente
1333;64;F;Nordeste;2103.84;17;8;9;7;True;78;True;123.76;Eco-Consciente
1334;25;M;Sul;3373.48;15;8;9;11;True;38;True;224.9;Eco-Consciente
1335;30;M;Sudeste;1750.17;7;3;7;3;True;53;False;250.02;Neutro
1336;24;F;Sudeste;2470.65;5;6;5;2;False;72;True;494.13;Neutro
1337;20;F;Sudeste;2285.96;7;6;5;2;False;37;False;326.57;Neutro
1338;61;F;Sudeste;1661.59;3;1;3;0;False;83;False;553.86;Tradicional
1339;57;F;Nordeste;783.27;3;0;3;2;False;71;True;261.09;Tradicional
1340;35;F;Sudeste;1413.15;7;2;3;2;True;25;False;201.88;Tradicional
1341;21;F;Sudeste;2093.85;7;6;7;4;True;35;True;299.12;Neutro
1342;42;F;Sul;1143.06;11;2;5;5;False;63;False;103.91;Neutro
1343;46;F;Sudeste;927.97;6;2;4;0;True;11;False;154.66;Tradicional
1344;54;F;Sudeste;1551.73;4;2;5;2;False;81;False;387.93;Tradicional
1345;27;F;Nordeste;936.4;6;1;5;0;False;7;True;156.07;Tradicional
1346;64;F;Sudeste;1824.01;5;3;6;5;False;66;True;364.8;Neutro
1347;53;M;Norte;2196.14;18;9;8;6;True;58;False;122.01;Eco-Consciente
1348;29;F;Nordeste;1551.03;6;2;5;1;False;42;True;258.5;Tradicional
1349;63;F;Nordeste;2893.34;15;10;10;11;True;61;True;192.89;Eco-Consciente
1350;50;F;Norte;1141.49;7;6;7;5;False;53;False;163.07;Neutro
1351;44;F;Norte;1643.83;7;0;5;2;False;18;True;234.83;Tradicional
1352;52;F;Norte;2515.03;19;8;8;7;True;29;True;132.37;Eco-Consciente
1353;38;F;Sul;1732.26;7;2;5;2;True;73;False;247.47;Tradicional
1354;40;M;Centro-Oeste;1336.72;5;2;4;1;True;60;False;267.34;Tradicional
1355;59;M;Sudeste;1974.26;5;6;7;2;False;80;False;394.85;Neutro
1356;61;F;Sudeste;1735.86;7;2;5;1;False;59;True;247.98;Tradicional
1357;39;F;Sul;2010.42;13;9;8;11;True;51;True;154.65;Eco-Consciente
1358;57;M;Centro-Oeste;3249.1;19;6;10;7;True;8;True;171.01;Eco-Consciente
1359;43;M;Norte;1004.71;6;0;3;1;False;48;True;167.45;Tradicional
1360;33;M;Sudeste;3017.12;11;7;9;5;True;50;False;274.28;Eco-Consciente
1361;37;F;Sudeste;2203.96;7;4;5;4;True;62;True;314.85;Neutro
1362;59;M;Norte;1135.56;3;1;4;2;False;16;False;378.52;Tradicional
1363;49;F;Nordeste;1402.84;6;3;6;4;False;8;False;233.81;Neutro
1364;46;F;Nordeste;2018.18;15;9;10;12;True;44;True;134.55;Eco-Consciente
1365;55;M;Nordeste;3522.56;9;10;8;6;True;27;True;391.4;Eco-Consciente
1366;27;F;Nordeste;1889.95;13;9;9;12;True;49;True;145.38;Eco-Consciente
1367;59;F;Sul;1593.56;11;2;5;4;False;27;False;144.87;Neutro
1368;56;F;Sudeste;1067.44;11;4;5;4;True;45;True;97.04;Neutro
1369;61;M;Sudeste;3140.14;19;7;8;12;True;53;True;165.27;Eco-Consciente
1370;30;M;Sudeste;2784.63;15;9;10;5;True;11;True;185.64;Eco-Consciente
1371;30;F;Nordeste;2455.35;5;3;6;4;False;43;False;491.07;Neutro
1372;49;M;Centro-Oeste;2516.39;13;8;10;9;True;77;True;193.57;Eco-Consciente
1373;48;F;Nordeste;1071.23;5;2;4;2;False;57;False;214.25;Tradicional
1374;21;F;Sudeste;2124.17;13;10;9;8;True;54;True;163.4;Eco-Consciente
1375;25;M;Norte;803.15;4;1;3;0;False;51;False;200.79;Tradicional
1376;33;F;Sudeste;1212.93;3;2;5;0;False;22;False;404.31;Tradicional
1377;47;F;Nordeste;887.78;7;1;3;1;False;45;True;126.83;Tradicional
1378;47;F;Sul;1075.36;8;5;6;5;False;59;False;134.42;Neutro
1379;31;M;Nordeste;1212.25;7;2;4;0;False;32;True;173.18;Tradicional
1380;48;M;Nordeste;3376.92;18;7;9;7;True;45;False;187.61;Eco-Consciente
1381;52;F;Nordeste;1646.67;5;3;6;2;False;26;False;329.33;Neutro
1382;45;M;Centro-Oeste;1980.08;10;4;7;5;False;73;True;198.01;Neutro
1383;63;M;Nordeste;1476.87;6;1;3;1;False;61;False;246.15;Tradicional
1384;33;F;Nordeste;3962.11;15;7;8;11;True;32;True;264.14;Eco-Consciente
1385;51;F;Norte;2353.56;16;9;10;12;True;78;False;147.1;Eco-Consciente
1386;33;M;Sul;826.28;5;1;5;2;False;58;True;165.26;Tradicional
1387;42;M;Centro-Oeste;1700.09;3;2;5;1;False;26;False;566.7;Tradicional
1388;32;M;Nordeste;828.62;7;1;3;1;False;51;False;118.37;Tradicional
1389;40;F;Centro-Oeste;1515.94;11;3;5;3;False;28;False;137.81;Neutro
1390;22;F;Norte;2239.83;9;3;5;5;True;42;True;248.87;Neutro
1391;47;M;Nordeste;1561.85;6;0;3;0;False;44;True;260.31;Tradicional
1392;48;M;Nordeste;2190.36;11;6;5;3;False;39;True;199.12;Neutro
1393;64;F;Nordeste;2045.65;12;9;8;11;True;59;False;170.47;Eco-Consciente
1394;34;F;Nordeste;1098.82;3;1;4;2;False;43;False;366.27;Tradicional
1395;44;M;Nordeste;2212.61;10;4;6;3;True;40;True;221.26;Neutro
1396;43;F;Nordeste;1048.99;9;3;5;4;False;69;False;116.55;Neutro
1397;32;F;Centro-Oeste;1671.13;19;6;9;10;True;40;True;87.95;Eco-Consciente
1398;57;F;Sul;3850.46;19;9;10;12;True;76;True;202.66;Eco-Consciente
1399;32;F;Nordeste;3189.56;12;9;8;10;True;64;True;265.8;Eco-Consciente
1400;48;M;Nordeste;805.3;5;0;4;0;False;13;True;161.06;Tradicional
1401;35;F;Sudeste;1137.06;10;3;5;2;True;44;False;113.71;Neutro
1402;63;F;Sudeste;1737.49;7;0;5;0;True;11;True;248.21;Tradicional
1403;20;M;Sudeste;936.72;5;1;3;0;False;9;True;187.34;Tradicional
1404;52;M;Sul;3177.73;13;8;8;12;True;16;True;244.44;Eco-Consciente
1405;26;F;Sudeste;832.43;3;0;5;1;False;52;False;277.48;Tradicional
1406;31;M;Sudeste;1663.38;6;2;6;2;False;46;True;277.23;Neutro
1407;38;M;Nordeste;2087.49;12;7;9;7;True;69;True;173.96;Eco-Consciente
1408;33;F;Sul;1626.56;18;6;9;6;True;64;True;90.36;Eco-Consciente
1409;29;F;Sudeste;2119.68;17;9;10;11;True;7;True;124.69;Eco-Consciente
1410;53;M;Centro-Oeste;1332.67;5;5;5;3;True;41;True;266.53;Neutro
1411;24;F;Sul;2199.36;17;9;8;10;True;42;True;129.37;Eco-Consciente
1412;46;F;Nordeste;2208.15;7;5;7;2;False;41;True;315.45;Neutro
1413;40;M;Nordeste;1586.68;10;7;8;10;True;27;True;158.67;Eco-Consciente
1414;64;M;Nordeste;2528.26;13;6;10;7;True;37;False;194.48;Eco-Consciente
1415;46;M;Norte;1123.04;8;5;7;3;False;14;True;140.38;Neutro
1416;48;F;Sul;1537.84;7;2;4;1;False;71;False;219.69;Tradicional
1417;48;M;Sudeste;1302.29;9;3;5;5;False;9;False;144.7;Neutro
1418;64;F;Sudeste;2487.94;5;5;7;2;False;7;False;497.59;Neutro
1419;20;F;Sudeste;2010.76;9;4;6;4;False;59;False;223.42;Neutro
1420;27;M;Nordeste;1215.09;9;5;6;3;True;82;False;135.01;Neutro
1421;60;F;Centro-Oeste;1183.01;6;6;6;5;True;37;True;197.17;Neutro
1422;56;F;Sul;1587.43;6;0;4;0;False;41;True;264.57;Tradicional
1423;54;F;Sudeste;1626.04;19;6;9;6;True;29;True;85.58;Eco-Consciente
1424;39;F;Sudeste;2375.9;8;6;6;5;True;41;False;296.99;Neutro
1425;40;F;Nordeste;1375.93;5;0;3;0;False;64;False;275.19;Tradicional
1426;29;F;Sudeste;1540.61;13;8;9;11;True;19;True;118.51;Eco-Consciente
1427;51;F;Sudeste;2651.67;19;9;8;5;True;83;True;139.56;Eco-Consciente
1428;40;M;Sudeste;2136.2;13;8;8;8;True;40;False;164.32;Eco-Consciente
1429;42;F;Sul;2483.25;7;2;7;3;False;49;True;354.75;Neutro
1430;37;F;Sudeste;3684.05;10;8;8;10;True;63;True;368.4;Eco-Consciente
1431;50;F;Nordeste;3205.48;10;7;8;8;True;81;True;320.55;Eco-Consciente
1432;62;M;Sudeste;3986.71;18;9;10;10;True;62;True;221.48;Eco-Consciente
1433;43;F;Sul;1339.05;6;6;5;3;True;48;True;223.17;Neutro
1434;43;F;Centro-Oeste;1298.78;5;2;5;2;False;48;True;259.76;Tradicional
1435;64;F;Sudeste;2346.9;7;5;6;2;False;66;False;335.27;Neutro
1436;30;M;Sudeste;1031.4;5;5;7;4;False;62;False;206.28;Neutro
1437;40;M;Nordeste;1555.04;5;2;7;3;True;62;True;311.01;Neutro
1438;47;F;Nordeste;1915.13;10;8;8;8;True;35;False;191.51;Eco-Consciente
1439;55;F;Sul;1375.38;7;1;3;2;True;12;False;196.48;Tradicional
1440;55;M;Nordeste;1277.78;4;0;4;1;False;58;False;319.45;Tradicional
1441;24;F;Sudeste;1646.41;8;9;10;10;True;40;True;205.8;Eco-Consciente
1442;49;M;Sul;1698.2;18;9;9;8;True;34;True;94.34;Eco-Consciente
1443;63;M;Sudeste;3036.0;14;8;10;8;True;9;True;216.86;Eco-Consciente
1444;24;F;Nordeste;3458.67;12;7;9;8;True;11;True;288.22;Eco-Consciente
1445;47;F;Sul;2951.61;12;8;8;6;True;17;False;245.97;Eco-Consciente
1446;60;F;Sul;1532.27;8;6;9;9;True;57;True;191.53;Eco-Consciente
1447;55;F;Sul;3756.01;19;7;10;11;True;64;True;197.68;Eco-Consciente
1448;19;M;Sudeste;2199.68;10;4;6;5;True;30;True;219.97;Neutro
1449;26;F;Sudeste;1911.57;19;8;10;10;True;74;True;100.61;Eco-Consciente
1450;64;F;Sudeste;788.12;7;2;4;2;False;34;False;112.59;Tradicional
1451;37;F;Norte;3708.91;15;10;8;7;True;72;True;247.26;Eco-Consciente
1452;24;F;Norte;1387.16;9;6;7;5;True;46;False;154.13;Neutro
1453;42;M;Centro-Oeste;2263.25;5;5;5;3;False;65;True;452.65;Neutro
1454;42;F;Sul;2026.47;7;2;5;4;False;83;True;289.5;Neutro
1455;45;F;Nordeste;1734.47;8;2;7;5;False;72;False;216.81;Neutro
1456;35;F;Sul;1268.55;11;6;5;2;True;52;False;115.32;Neutro
1457;52;F;Sudeste;3118.64;10;7;10;5;True;19;False;311.86;Eco-Consciente
1458;40;F;Nordeste;3349.21;13;6;8;7;True;81;True;257.63;Eco-Consciente
1459;54;M;Nordeste;1101.96;10;4;5;4;False;45;True;110.2;Neutro
1460;62;F;Nordeste;2013.18;8;5;6;3;True;31;False;251.65;Neutro
1461;40;F;Centro-Oeste;1503.97;5;0;4;2;False;23;False;300.79;Tradicional
1462;35;F;Sudeste;2287.53;19;6;10;11;True;56;True;120.4;Eco-Consciente
1463;43;F;Nordeste;1324.13;7;2;4;2;False;54;True;189.16;Tradicional
1464;58;F;Nordeste;2784.27;16;10;8;8;True;43;True;174.02;Eco-Consciente
1465;41;F;Sudeste;2934.63;8;7;10;11;True;40;False;366.83;Eco-Consciente
1466;42;F;Sudeste;1804.24;9;10;8;8;True;28;True;200.47;Eco-Consciente
1467;57;F;Nordeste;881.08;6;2;3;0;False;50;False;146.85;Tradicional
1468;35;F;Sul;2159.01;5;2;7;4;False;78;False;431.8;Neutro
1469;52;F;Sudeste;1399.0;11;2;5;2;True;10;False;127.18;Neutro
1470;48;F;Sudeste;2103.88;9;3;5;2;True;68;True;233.76;Neutro
1471;30;F;Nordeste;727.08;6;0;5;2;False;78;False;121.18;Tradicional
1472;38;M;Nordeste;3941.4;14;9;10;11;True;56;False;281.53;Eco-Consciente
1473;30;F;Sudeste;1956.15;16;7;10;5;True;75;True;122.26;Eco-Consciente
1474;39;F;Nordeste;3363.04;10;8;9;8;True;67;False;336.3;Eco-Consciente
1475;55;F;Norte;857.48;5;2;3;2;False;54;True;171.5;Tradicional
1476;62;M;Sudeste;1728.47;5;4;6;5;False;39;True;345.69;Neutro
1477;63;F;Sul;1064.78;3;1;5;1;False;33;False;354.93;Tradicional
1478;25;M;Nordeste;1450.92;5;1;5;1;True;64;False;290.18;Tradicional
1479;57;M;Centro-Oeste;1660.35;7;0;5;1;False;76;False;237.19;Tradicional
1480;54;F;Sudeste;3090.12;11;8;9;9;True;53;False;280.92;Eco-Consciente
1481;48;F;Nordeste;1438.11;7;2;4;2;False;28;False;205.44;Tradicional
1482;53;F;Sudeste;3903.54;9;7;10;11;True;67;False;433.73;Eco-Consciente
1483;51;F;Sul;2860.64;8;10;9;8;True;76;False;357.58;Eco-Consciente
1484;34;F;Sudeste;1595.13;6;6;5;3;True;66;False;265.86;Neutro
1485;33;F;Sudeste;2547.42;8;7;9;12;True;44;True;318.43;Eco-Consciente
1486;54;F;Sul;1517.53;5;2;5;2;False;62;True;303.51;Neutro
1487;24;M;Sul;1101.41;6;3;7;2;True;9;True;183.57;Neutro
1488;58;M;Centro-Oeste;3277.5;17;8;10;12;True;67;True;192.79;Eco-Consciente
1489;30;M;Sudeste;1702.91;13;7;8;9;True;66;True;130.99;Eco-Consciente
1490;20;M;Nordeste;1288.46;6;2;4;2;True;12;False;214.74;Tradicional
1491;46;M;Nordeste;3643.83;18;6;9;5;True;52;True;202.43;Eco-Consciente
1492;55;M;Centro-Oeste;3760.34;18;8;9;12;True;29;True;208.91;Eco-Consciente
1493;28;M;Sul;2543.49;13;6;10;8;True;46;True;195.65;Eco-Consciente
1494;32;M;Nordeste;1046.09;3;1;4;2;False;61;True;348.7;Tradicional
1495;38;F;Norte;1975.32;11;7;10;6;True;56;True;179.57;Eco-Consciente
1496;53;M;Centro-Oeste;1262.96;3;2;3;1;True;64;False;420.99;Tradicional
1497;31;F;Nordeste;2442.63;11;9;10;6;True;24;True;222.06;Eco-Consciente
1498;37;F;Nordeste;3491.1;16;6;8;8;True;63;True;218.19;Eco-Consciente
1499;32;M;Sul;3877.05;14;10;8;11;True;41;True;276.93;Eco-Consciente
1500;55;F;Sudeste;2243.73;11;2;5;2;False;31;False;203.98;Neutro
1501;49;M;Centro-Oeste;2376.47;7;6;6;2;False;6;False;339.5;Neutro
1502;34;F;Centro-Oeste;2221.58;10;3;7;3;False;47;False;222.16;Neutro
1503;19;F;Sul;924.5;5;0;5;1;False;18;True;184.9;Tradicional
1504;55;F;Sul;1914.72;7;3;5;4;True;22;True;273.53;Neutro
1505;47;F;Sudeste;822.64;4;0;4;0;False;26;False;205.66;Tradicional
1506;54;F;Nordeste;1988.65;11;7;8;5;True;19;False;180.79;Eco-Consciente
1507;61;F;Nordeste;2957.82;18;7;10;8;True;20;True;164.32;Eco-Consciente
1508;35;M;Nordeste;987.93;3;1;4;0;False;47;False;329.31;Tradicional
1509;43;F;Sudeste;2354.62;18;9;8;12;True;12;True;130.81;Eco-Consciente
1510;33;F;Sudeste;1030.03;10;6;6;3;False;11;False;103.0;Neutro
1511;50;M;Sul;1782.11;14;6;9;7;True;68;True;127.29;Eco-Consciente
1512;43;F;Sudeste;1712.65;8;3;7;3;False;31;True;214.08;Neutro
1513;19;F;Sudeste;1500.49;5;3;6;2;True;8;True;300.1;Neutro
1514;23;F;Nordeste;2405.09;10;5;6;5;True;23;True;240.51;Neutro
1515;23;F;Sudeste;1311.05;5;1;3;2;True;53;False;262.21;Tradicional
1516;20;F;Nordeste;1803.02;11;4;6;2;False;26;False;163.91;Neutro
1517;29;F;Norte;1748.43;4;1;4;0;False;39;True;437.11;Tradicional
1518;59;F;Sul;1230.5;6;0;5;1;False;9;False;205.08;Tradicional
1519;28;F;Sudeste;2979.29;15;9;8;6;True;78;True;198.62;Eco-Consciente
1520;25;M;Sul;1993.89;11;9;8;8;True;19;False;181.26;Eco-Consciente
1521;18;M;Sudeste;1682.75;3;1;3;1;True;66;False;560.92;Tradicional
1522;41;F;Sudeste;3058.8;13;7;9;5;True;26;True;235.29;Eco-Consciente
1523;59;F;Sul;1159.24;8;2;7;3;True;57;True;144.91;Neutro
1524;48;F;Sul;758.02;7;0;5;2;True;7;True;108.29;Tradicional
1525;41;F;Sudeste;1856.36;10;3;7;4;False;58;True;185.64;Neutro
1526;57;F;Sudeste;1268.29;7;2;4;1;False;24;True;181.18;Tradicional
1527;22;F;Norte;1783.25;9;6;9;9;True;34;True;198.14;Eco-Consciente
1528;35;F;Sudeste;1024.04;8;3;6;4;True;7;True;128.01;Neutro
1529;54;F;Nordeste;2203.06;11;3;7;5;False;57;False;200.28;Neutro
1530;57;F;Nordeste;2690.81;14;7;10;6;True;20;True;192.2;Eco-Consciente
1531;62;F;Centro-Oeste;1795.06;7;0;5;1;False;45;True;256.44;Tradicional
1532;59;F;Sul;1321.96;7;1;3;2;False;14;False;188.85;Tradicional
1533;62;F;Sul;905.62;4;1;5;0;False;47;False;226.41;Tradicional
1534;55;F;Sul;1048.68;11;2;5;5;False;59;True;95.33;Neutro
1535;42;F;Nordeste;1617.48;11;9;10;6;True;72;True;147.04;Eco-Consciente
1536;31;F;Sudeste;1058.84;3;2;5;1;False;50;True;352.95;Tradicional
1537;49;F;Sul;2685.77;14;9;8;6;True;40;True;191.84;Eco-Consciente
1538;26;F;Nordeste;1629.0;5;3;5;3;False;54;False;325.8;Neutro
1539;33;F;Sudeste;1700.32;6;4;7;3;False;32;True;283.39;Neutro
1540;29;F;Sul;2033.68;6;5;6;5;False;49;True;338.95;Neutro
1541;54;M;Nordeste;1263.88;3;0;5;2;False;23;True;421.29;Tradicional
1542;21;F;Sudeste;1014.32;9;5;7;2;True;60;False;112.7;Neutro
1543;38;F;Sudeste;1382.12;7;6;7;2;False;83;True;197.45;Neutro
1544;57;F;Norte;1548.62;11;6;8;9;True;55;True;140.78;Eco-Consciente
1545;27;F;Centro-Oeste;1785.36;6;0;4;0;False;76;True;297.56;Tradicional
1546;35;F;Centro-Oeste;1394.08;9;5;6;3;False;24;True;154.9;Neutro
1547;62;F;Nordeste;1192.31;3;2;4;0;False;57;True;397.44;Tradicional
1548;34;F;Centro-Oeste;1327.94;3;2;5;1;False;12;False;442.65;Tradicional
1549;53;M;Nordeste;1801.21;10;4;5;2;True;76;True;180.12;Neutro
1550;26;F;Nordeste;1747.5;9;6;6;2;False;74;True;194.17;Neutro
1551;18;F;Sul;887.51;3;1;3;1;False;20;True;295.84;Tradicional
1552;37;F;Nordeste;2355.17;19;8;9;7;True;6;True;123.96;Eco-Consciente
1553;45;M;Nordeste;3611.99;18;9;9;6;True;49;True;200.67;Eco-Consciente
1554;26;F;Centro-Oeste;988.73;3;1;5;1;True;40;False;329.58;Tradicional
1555;60;F;Nordeste;2333.52;6;5;7;5;True;53;False;388.92;Neutro
1556;48;F;Nordeste;1847.42;14;9;10;12;True;55;True;131.96;Eco-Consciente
1557;34;F;Sudeste;1334.2;4;2;4;1;False;39;True;333.55;Tradicional
1558;54;F;Nordeste;2030.78;10;3;7;3;True;79;True;203.08;Neutro
1559;21;F;Sudeste;2134.96;9;10;8;11;True;57;True;237.22;Eco-Consciente
1560;21;M;Sul;1208.98;10;3;5;4;False;73;True;120.9;Neutro
1561;30;M;Sudeste;2764.81;15;8;10;12;True;32;True;184.32;Eco-Consciente
1562;30;F;Nordeste;3253.91;16;6;10;5;True;48;False;203.37;Eco-Consciente
1563;37;M;Norte;1669.49;9;4;7;4;True;62;False;185.5;Neutro
1564;52;F;Nordeste;1852.4;9;3;5;2;False;16;False;205.82;Neutro
1565;48;F;Sul;2796.87;15;7;9;8;True;71;False;186.46;Eco-Consciente
1566;29;F;Centro-Oeste;2145.27;16;9;8;6;True;16;True;134.08;Eco-Consciente
1567;46;F;Sudeste;1784.91;19;7;9;8;True;38;True;93.94;Eco-Consciente
1568;27;F;Sul;1652.52;11;3;6;3;True;49;False;150.23;Neutro
1569;33;F;Sudeste;2810.49;16;8;9;8;True;58;True;175.66;Eco-Consciente
1570;64;F;Sul;754.24;4;0;5;1;True;58;False;188.56;Tradicional
1571;56;M;Nordeste;1644.03;4;2;5;0;False;69;False;411.01;Tradicional
1572;63;F;Norte;1611.84;10;3;7;4;True;70;True;161.18;Neutro
1573;19;M;Sudeste;1658.7;7;5;7;2;False;69;False;236.96;Neutro
1574;38;F;Centro-Oeste;1002.69;6;1;4;0;False;54;False;167.11;Tradicional
1575;43;F;Nordeste;2072.98;8;3;5;2;False;21;True;259.12;Neutro
1576;38;M;Sudeste;2474.6;7;5;7;4;False;63;False;353.51;Neutro
1577;24;F;Nordeste;2107.95;12;6;10;12;True;68;True;175.66;Eco-Consciente
1578;32;M;Sudeste;1279.76;3;1;4;2;False;41;True;426.59;Tradicional
1579;48;M;Nordeste;2813.61;13;6;8;12;True;78;True;216.43;Eco-Consciente
1580;25;M;Sudeste;1388.21;6;0;4;0;False;12;False;231.37;Tradicional
1581;44;M;Sudeste;3190.49;12;7;9;6;True;57;True;265.87;Eco-Consciente
1582;35;M;Norte;3442.23;17;10;9;10;True;42;True;202.48;Eco-Consciente
1583;47;F;Sudeste;736.31;7;0;3;0;False;60;True;105.19;Tradicional
1584;27;M;Sul;2708.94;15;9;8;6;True;21;False;180.6;Eco-Consciente
1585;21;F;Sul;3581.73;17;6;9;7;True;15;True;210.69;Eco-Consciente
1586;29;F;Sudeste;977.56;5;0;4;1;False;53;False;195.51;Tradicional
1587;52;F;Norte;1444.5;3;2;4;0;False;60;True;481.5;Tradicional
1588;54;F;Nordeste;1678.55;9;2;5;5;False;41;True;186.51;Neutro
1589;61;F;Nordeste;2073.48;11;6;9;10;True;59;True;188.5;Eco-Consciente
1590;19;M;Sudeste;2487.44;9;5;7;4;False;64;False;276.38;Neutro
1591;58;M;Centro-Oeste;3496.39;10;7;10;7;True;21;True;349.64;Eco-Consciente
1592;60;F;Sudeste;2404.26;6;5;7;2;False;14;False;400.71;Neutro
1593;42;F;Sudeste;1949.77;10;3;5;3;False;34;False;194.98;Neutro
1594;31;M;Sudeste;3557.51;18;7;8;5;True;69;True;197.64;Eco-Consciente
1595;30;F;Sudeste;2499.03;10;3;7;5;False;57;False;249.9;Neutro
1596;49;M;Sul;1516.46;6;5;5;3;False;81;False;252.74;Neutro
1597;63;F;Sudeste;2355.56;10;10;9;5;True;49;True;235.56;Eco-Consciente
1598;64;M;Sul;1641.56;19;7;8;10;True;74;True;86.4;Eco-Consciente
1599;23;F;Nordeste;1750.05;11;4;7;2;False;8;True;159.1;Neutro
1600;53;F;Sudeste;1680.12;6;0;4;2;False;23;True;280.02;Tradicional
1601;60;M;Nordeste;2091.19;9;9;9;9;True;13;False;232.35;Eco-Consciente
1602;40;M;Sudeste;1538.6;5;2;3;2;False;32;False;307.72;Tradicional
1603;36;F;Centro-Oeste;1218.28;9;3;5;4;False;12;False;135.36;Neutro
1604;43;F;Sudeste;1673.27;8;10;9;8;True;33;True;209.16;Eco-Consciente
1605;56;F;Sul;2367.59;9;4;6;3;True;43;True;263.07;Neutro
1606;27;F;Nordeste;1344.86;6;1;4;1;False;63;False;224.14;Tradicional
1607;40;F;Nordeste;3078.86;13;7;10;8;True;18;True;236.84;Eco-Consciente
1608;30;M;Centro-Oeste;2670.75;16;8;8;11;True;40;True;166.92;Eco-Consciente
1609;36;F;Centro-Oeste;2213.51;8;8;9;11;True;81;True;276.69;Eco-Consciente
1610;29;F;Nordeste;3183.55;9;9;8;5;True;50;True;353.73;Eco-Consciente
1611;32;F;Nordeste;3501.34;10;9;10;11;True;48;True;350.13;Eco-Consciente
1612;48;M;Nordeste;1517.73;13;8;9;12;True;72;True;116.75;Eco-Consciente
1613;18;F;Centro-Oeste;1688.93;7;0;3;2;False;75;False;241.28;Tradicional
1614;20;M;Sudeste;3769.4;15;9;8;5;True;51;False;251.29;Eco-Consciente
1615;41;M;Nordeste;1324.19;4;0;3;2;True;51;True;331.05;Tradicional
1616;52;F;Sudeste;1471.5;5;2;5;2;False;63;True;294.3;Tradicional
1617;49;F;Nordeste;2026.65;6;6;7;2;True;72;False;337.78;Neutro
1618;52;F;Norte;3019.45;16;10;10;8;True;27;True;188.72;Eco-Consciente
1619;57;M;Nordeste;2754.67;15;8;8;8;True;55;True;183.64;Eco-Consciente
1620;26;F;Norte;809.16;6;0;3;1;False;55;False;134.86;Tradicional
1621;39;F;Sudeste;1741.6;12;7;10;8;True;54;True;145.13;Eco-Consciente
1622;40;M;Sudeste;1175.47;9;6;7;5;False;38;False;130.61;Neutro
1623;56;F;Sudeste;1282.19;5;0;5;0;False;67;False;256.44;Tradicional
1624;44;M;Sudeste;1498.67;5;1;3;0;False;39;True;299.73;Tradicional
1625;47;F;Norte;2262.75;17;7;8;7;True;21;False;133.1;Eco-Consciente
1626;53;F;Nordeste;3180.9;18;9;10;5;True;11;True;176.72;Eco-Consciente
1627;18;M;Centro-Oeste;1160.83;3;1;3;0;True;52;True;386.94;Tradicional
1628;48;F;Nordeste;1603.01;5;1;4;1;True;19;False;320.6;Tradicional
1629;49;F;Nordeste;3336.9;18;10;10;10;True;42;True;185.38;Eco-Consciente
1630;52;F;Sudeste;1303.12;8;5;6;3;False;54;False;162.89;Neutro
1631;60;F;Norte;1301.07;9;4;7;4;False;20;False;144.56;Neutro
1632;25;M;Sudeste;1542.5;7;4;6;4;False;60;True;220.36;Neutro
1633;29;F;Sudeste;3865.47;19;7;10;5;True;61;True;203.45;Eco-Consciente
1634;38;F;Nordeste;3989.05;13;10;9;7;True;55;True;306.85;Eco-Consciente
1635;35;F;Sudeste;761.52;4;1;3;0;False;48;True;190.38;Tradicional
1636;34;F;Nordeste;1495.36;7;1;5;0;False;19;True;213.62;Tradicional
1637;41;F;Centro-Oeste;982.51;7;1;4;2;True;80;False;140.36;Tradicional
1638;24;F;Centro-Oeste;1681.31;19;7;8;7;True;40;False;88.49;Eco-Consciente
1639;62;M;Nordeste;756.35;4;2;4;1;False;10;True;189.09;Tradicional
1640;45;M;Sul;3496.13;15;7;8;9;True;83;True;233.08;Eco-Consciente
1641;61;F;Sul;1702.48;5;1;4;0;False;25;True;340.5;Tradicional
1642;63;F;Sudeste;3164.58;14;8;10;11;True;14;False;226.04;Eco-Consciente
1643;56;F;Nordeste;1129.2;7;6;6;2;False;79;True;161.31;Neutro
1644;36;M;Nordeste;1323.19;6;5;5;4;False;80;False;220.53;Neutro
1645;47;F;Sudeste;3748.78;18;8;10;12;True;79;True;208.27;Eco-Consciente
1646;57;M;Sul;2274.2;11;6;6;5;False;6;False;206.75;Neutro
1647;51;F;Sudeste;2838.66;17;10;8;10;True;76;True;166.98;Eco-Consciente
1648;63;F;Sudeste;791.58;4;1;3;2;False;44;False;197.9;Tradicional
1649;34;M;Sul;1104.07;6;1;4;0;False;14;True;184.01;Tradicional
1650;23;F;Sul;3119.3;17;10;8;6;True;70;True;183.49;Eco-Consciente
1651;42;F;Centro-Oeste;2023.9;6;3;5;2;True;67;True;337.32;Neutro
1652;21;M;Sudeste;1621.65;10;3;6;4;True;40;False;162.17;Neutro
1653;28;M;Nordeste;2302.3;9;4;7;5;False;69;True;255.81;Neutro
1654;58;M;Nordeste;2452.63;5;4;7;4;False;41;False;490.53;Neutro
1655;32;F;Sul;1340.36;5;1;3;2;False;25;False;268.07;Tradicional
1656;60;F;Nordeste;1872.18;9;4;5;2;False;48;True;208.02;Neutro
1657;39;F;Sul;2165.27;14;8;9;9;True;38;True;154.66;Eco-Consciente
1658;46;F;Centro-Oeste;1184.66;4;1;4;2;False;24;False;296.17;Tradicional
1659;29;F;Nordeste;3370.26;19;10;8;5;True;44;True;177.38;Eco-Consciente
1660;60;F;Nordeste;1404.13;8;2;7;3;False;59;True;175.52;Neutro
1661;29;F;Sudeste;1508.24;4;0;4;1;True;25;False;377.06;Tradicional
1662;25;M;Norte;3269.85;13;8;8;12;True;44;True;251.53;Eco-Consciente
1663;24;F;Norte;1364.31;4;1;3;2;False;28;False;341.08;Tradicional
1664;51;M;Sudeste;2075.99;11;6;8;7;True;35;False;188.73;Eco-Consciente
1665;53;M;Nordeste;2845.3;18;9;9;9;True;16;True;158.07;Eco-Consciente
1666;38;M;Sudeste;1384.21;6;1;5;1;False;58;False;230.7;Tradicional
1667;29;F;Sudeste;1909.19;8;7;10;11;True;60;True;238.65;Eco-Consciente
1668;47;F;Centro-Oeste;1276.75;7;0;5;0;True;29;True;182.39;Tradicional
1669;54;F;Sudeste;3636.29;17;9;8;9;True;17;True;213.9;Eco-Consciente
1670;32;F;Sudeste;3368.09;14;10;9;9;True;73;True;240.58;Eco-Consciente
1671;24;F;Sudeste;727.3;5;2;3;0;False;71;True;145.46;Tradicional
1672;23;F;Norte;3813.22;10;10;9;11;True;71;True;381.32;Eco-Consciente
1673;26;F;Sudeste;2340.98;14;6;8;9;True;11;True;167.21;Eco-Consciente
1674;35;F;Nordeste;1441.9;7;2;5;2;False;22;True;205.99;Neutro
1675;39;F;Sul;1368.65;4;0;4;0;False;26;False;342.16;Tradicional
1676;34;F;Sudeste;1678.53;8;2;6;4;False;21;True;209.82;Neutro
1677;27;F;Sul;3854.76;13;8;8;7;True;18;True;296.52;Eco-Consciente
1678;64;F;Sul;1943.04;10;8;8;12;True;53;False;194.3;Eco-Consciente
1679;38;F;Sul;2953.97;8;9;8;7;True;80;True;369.25;Eco-Consciente
1680;40;F;Sudeste;2404.86;7;3;7;5;False;42;True;343.55;Neutro
1681;41;F;Sul;2556.76;15;6;8;9;True;70;False;170.45;Eco-Consciente
1682;56;F;Sudeste;2364.14;9;9;9;7;True;36;True;262.68;Eco-Consciente
1683;19;M;Sudeste;1383.81;6;3;5;5;False;36;False;230.63;Neutro
1684;55;M;Sudeste;3746.49;17;8;10;9;True;76;True;220.38;Eco-Consciente
1685;55;F;Sudeste;1781.76;11;2;6;5;False;70;False;161.98;Neutro
1686;29;M;Nordeste;1458.63;8;3;5;5;False;35;True;182.33;Neutro
1687;33;F;Nordeste;1197.56;9;5;5;4;True;31;True;133.06;Neutro
1688;46;M;Norte;3661.01;18;6;8;7;True;44;True;203.39;Eco-Consciente
1689;47;F;Sul;1622.89;6;4;6;4;False;31;False;270.48;Neutro
1690;56;F;Nordeste;2261.31;15;7;9;6;True;27;True;150.75;Eco-Consciente
1691;26;F;Sudeste;1693.6;6;0;3;2;False;81;True;282.27;Tradicional
1692;33;M;Norte;2076.84;12;8;9;11;True;42;True;173.07;Eco-Consciente
1693;35;F;Sul;1711.15;8;6;5;2;False;9;False;213.89;Neutro
1694;36;M;Sudeste;2407.67;5;6;6;2;True;15;False;481.53;Neutro
1695;39;F;Sudeste;2087.4;6;5;7;4;False;61;True;347.9;Neutro
1696;50;F;Nordeste;1697.81;9;2;6;4;False;36;False;188.65;Neutro
1697;53;F;Sudeste;2321.95;6;3;6;5;True;67;True;386.99;Neutro
1698;59;F;Sul;1469.07;6;4;6;3;True;26;True;244.84;Neutro
1699;63;M;Sudeste;3846.8;19;10;9;11;True;66;True;202.46;Eco-Consciente
1700;45;M;Nordeste;2668.47;8;10;8;9;True;22;True;333.56;Eco-Consciente
1701;48;M;Centro-Oeste;2660.88;18;8;9;12;True;13;True;147.83;Eco-Consciente
1702;37;M;Sul;1636.28;18;10;9;10;True;6;True;90.9;Eco-Consciente
1703;60;M;Sudeste;1580.17;4;0;5;0;False;7;True;395.04;Tradicional
1704;61;M;Centro-Oeste;2279.42;11;5;5;2;True;24;True;207.22;Neutro
1705;27;M;Sul;1887.03;6;6;7;5;False;36;True;314.5;Neutro
1706;34;M;Sudeste;1647.88;11;6;6;3;False;75;True;149.81;Neutro
1707;36;M;Nordeste;1339.23;5;2;7;5;True;28;False;267.85;Neutro
1708;30;M;Nordeste;2159.94;16;7;8;8;True;77;True;135.0;Eco-Consciente
1709;52;M;Norte;1112.68;8;3;5;2;True;19;True;139.09;Neutro
1710;46;M;Sul;2651.46;10;8;9;7;True;39;True;265.15;Eco-Consciente
1711;36;M;Sudeste;2823.48;16;7;9;12;True;8;True;176.47;Eco-Consciente
1712;29;M;Nordeste;3628.72;12;6;8;10;True;40;True;302.39;Eco-Consciente
1713;44;F;Sudeste;3038.37;19;9;10;8;True;73;True;159.91;Eco-Consciente
1714;30;F;Nordeste;2292.81;6;5;5;2;False;82;True;382.14;Neutro
1715;31;F;Norte;2217.95;5;3;6;3;True;38;False;443.59;Neutro
1716;34;F;Sul;3933.42;9;10;9;7;True;8;True;437.05;Eco-Consciente
1717;50;M;Centro-Oeste;1112.61;3;1;5;0;False;28;False;370.87;Tradicional
1718;61;F;Sudeste;2942.66;15;9;9;10;True;57;False;196.18;Eco-Consciente
1719;63;F;Sul;3302.81;16;7;9;8;True;10;True;206.43;Eco-Consciente
1720;31;M;Sul;2040.81;10;6;5;4;True;72;False;204.08;Neutro
1721;46;F;Sudeste;1614.37;5;0;5;0;True;81;False;322.87;Tradicional
1722;40;F;Sudeste;2199.18;9;6;9;5;True;14;False;244.35;Eco-Consciente
1723;26;M;Sul;3350.04;9;9;8;10;True;48;True;372.23;Eco-Consciente
1724;58;F;Sudeste;1389.1;10;5;7;5;False;67;True;138.91;Neutro
1725;26;F;Centro-Oeste;1886.22;7;6;7;5;True;54;False;269.46;Neutro
1726;40;F;Sul;2256.7;10;8;8;9;True;21;False;225.67;Eco-Consciente
1727;64;F;Sudeste;2650.29;17;6;9;6;True;29;True;155.9;Eco-Consciente
1728;25;F;Sudeste;3811.24;14;7;9;7;True;68;True;272.23;Eco-Consciente
1729;32;F;Nordeste;709.9;6;2;3;0;False;24;True;118.32;Tradicional
1730;45;F;Norte;2491.89;5;4;6;4;True;15;False;498.38;Neutro
1731;31;M;Sudeste;1764.51;6;1;5;1;False;25;True;294.09;Tradicional
1732;54;M;Sul;1623.87;10;2;6;3;False;57;False;162.39;Neutro
1733;62;F;Sul;3252.53;14;6;10;6;True;29;True;232.32;Eco-Consciente
1734;60;M;Centro-Oeste;2696.75;9;6;9;5;True;77;True;299.64;Eco-Consciente
1735;26;F;Centro-Oeste;1993.62;14;7;10;5;True;26;False;142.4;Eco-Consciente
1736;62;F;Nordeste;3384.53;13;6;10;11;True;33;False;260.35;Eco-Consciente
1737;26;F;Sudeste;1207.99;6;2;4;2;False;31;False;201.33;Tradicional
1738;31;F;Nordeste;2289.62;10;4;5;5;True;18;False;228.96;Neutro
1739;62;M;Sudeste;1742.05;17;10;10;6;True;34;True;102.47;Eco-Consciente
1740;64;F;Nordeste;1717.0;7;6;7;2;False;75;False;245.29;Neutro
1741;21;F;Sudeste;2214.66;7;2;6;3;False;13;True;316.38;Neutro
1742;36;F;Nordeste;823.87;3;2;4;2;False;76;False;274.62;Tradicional
1743;58;F;Sudeste;1763.67;10;3;5;4;True;62;True;176.37;Neutro
1744;62;M;Nordeste;2596.71;19;6;10;10;True;78;True;136.67;Eco-Consciente
1745;26;M;Sul;2146.97;6;3;7;5;True;8;False;357.83;Neutro
1746;53;F;Nordeste;3548.57;14;6;10;6;True;44;False;253.47;Eco-Consciente
1747;63;M;Nordeste;3785.85;9;9;8;5;True;67;True;420.65;Eco-Consciente
1748;23;F;Sudeste;1058.36;3;1;3;0;False;42;True;352.79;Tradicional
1749;59;F;Sudeste;1962.37;11;3;5;3;False;35;True;178.4;Neutro
1750;45;F;Nordeste;758.93;5;0;5;0;False;35;False;151.79;Tradicional
1751;18;F;Nordeste;1758.05;3;0;5;0;False;8;True;586.02;Tradicional
1752;53;F;Sudeste;1945.63;10;6;6;3;False;65;False;194.56;Neutro
1753;33;F;Norte;1763.55;3;0;4;0;True;29;False;587.85;Tradicional
1754;29;F;Sul;3872.29;13;7;8;12;True;66;True;297.87;Eco-Consciente
1755;62;F;Norte;908.05;3;1;4;0;False;79;False;302.68;Tradicional
1756;62;F;Nordeste;1259.99;3;2;3;2;True;27;False;420.0;Tradicional
1757;43;F;Sudeste;1245.92;7;2;3;1;True;50;False;177.99;Tradicional
1758;57;F;Sul;2274.4;5;5;5;5;False;82;True;454.88;Neutro
1759;59;F;Nordeste;3083.17;18;8;9;6;True;72;True;171.29;Eco-Consciente
1760;35;M;Sudeste;2754.6;13;6;10;9;True;80;True;211.89;Eco-Consciente
1761;63;F;Nordeste;1414.85;7;2;3;1;False;24;True;202.12;Tradicional
1762;40;F;Sul;1664.0;19;8;8;5;True;64;True;87.58;Eco-Consciente
1763;29;F;Nordeste;1177.16;7;2;3;0;True;57;False;168.17;Tradicional
1764;32;M;Sul;1790.45;15;10;8;8;True;58;True;119.36;Eco-Consciente
1765;18;F;Nordeste;1998.68;6;2;7;3;False;64;True;333.11;Neutro
1766;43;F;Nordeste;738.69;7;0;5;0;True;38;True;105.53;Tradicional
1767;38;M;Sul;2250.36;11;6;5;4;True;43;False;204.58;Neutro
1768;63;F;Sul;947.73;5;2;5;2;False;62;True;189.55;Tradicional
1769;50;M;Norte;1415.87;3;0;3;1;False;36;False;471.96;Tradicional
1770;51;M;Norte;2307.33;7;6;6;5;True;18;False;329.62;Neutro
1771;62;F;Sudeste;1164.03;10;6;7;2;False;23;True;116.4;Neutro
1772;21;M;Nordeste;2003.13;8;2;5;2;True;74;False;250.39;Neutro
1773;50;F;Nordeste;3709.33;8;6;10;10;True;50;True;463.67;Eco-Consciente
1774;18;M;Norte;2213.11;19;7;9;11;True;14;True;116.48;Eco-Consciente
1775;30;F;Nordeste;1343.91;3;1;4;0;False;26;True;447.97;Tradicional
1776;56;F;Sudeste;2730.89;12;8;8;12;True;14;True;227.57;Eco-Consciente
1777;42;F;Sudeste;1757.47;3;2;4;1;False;8;True;585.82;Tradicional
1778;62;F;Sudeste;2013.47;7;5;5;4;True;42;True;287.64;Neutro
1779;39;F;Centro-Oeste;760.67;6;2;3;2;False;61;True;126.78;Tradicional
1780;36;F;Norte;1393.49;3;1;5;0;False;78;False;464.5;Tradicional
1781;58;M;Sudeste;1111.26;10;6;6;2;False;23;False;111.13;Neutro
1782;35;M;Nordeste;1508.34;5;1;3;2;False;23;False;301.67;Tradicional
1783;42;M;Sul;1362.76;7;2;5;1;False;21;False;194.68;Tradicional
1784;22;F;Sudeste;3904.08;15;6;8;12;True;38;True;260.27;Eco-Consciente
1785;53;F;Sul;1169.01;7;5;5;2;False;51;False;167.0;Neutro
1786;30;F;Sul;1035.83;5;3;5;2;True;66;False;207.17;Neutro
1787;39;F;Sudeste;2168.51;6;5;5;2;False;70;False;361.42;Neutro
1788;22;F;Sul;1634.93;7;0;5;0;True;24;False;233.56;Tradicional
1789;25;F;Sul;1842.03;10;6;7;2;False;31;False;184.2;Neutro
1790;53;F;Sul;2406.33;11;6;5;2;True;35;False;218.76;Neutro
1791;20;F;Centro-Oeste;1512.19;5;0;4;0;False;46;False;302.44;Tradicional
1792;56;F;Sudeste;736.9;6;0;3;0;True;9;False;122.82;Tradicional
1793;63;F;Norte;2416.88;19;6;8;9;True;42;True;127.2;Eco-Consciente
1794;18;F;Sudeste;1831.09;7;3;5;2;False;71;True;261.58;Neutro
1795;25;F;Centro-Oeste;2656.72;19;8;8;11;True;14;False;139.83;Eco-Consciente
1796;25;F;Sudeste;2021.63;19;10;8;6;True;61;True;106.4;Eco-Consciente
1797;19;M;Nordeste;1928.18;19;7;8;6;True;81;True;101.48;Eco-Consciente
1798;42;M;Sudeste;2912.58;13;9;9;5;True;20;True;224.04;Eco-Consciente
1799;30;M;Sul;1791.75;10;4;5;2;False;34;False;179.18;Neutro
1800;54;M;Sudeste;1564.36;10;10;9;7;True;18;False;156.44;Eco-Consciente
1801;40;F;Centro-Oeste;2417.13;10;5;5;5;True;26;False;241.71;Neutro
1802;52;F;Sudeste;2400.93;5;5;5;5;False;62;True;480.19;Neutro
1803;22;F;Sudeste;2288.04;19;10;8;6;True;35;True;120.42;Eco-Consciente
1804;42;F;Sul;813.73;3;1;3;2;True;7;False;271.24;Tradicional
1805;52;M;Centro-Oeste;1153.04;4;2;5;1;False;66;False;288.26;Tradicional
1806;64;F;Sudeste;2314.84;11;5;6;4;True;67;False;210.44;Neutro
1807;64;M;Nordeste;1100.86;6;2;6;4;False;59;True;183.48;Neutro
1808;32;M;Sul;3114.4;14;9;8;10;True;42;True;222.46;Eco-Consciente
1809;61;F;Sul;1083.0;6;6;5;4;True;79;True;180.5;Neutro
1810;57;M;Sul;735.19;3;0;5;1;False;57;True;245.06;Tradicional
1811;30;M;Nordeste;2331.73;11;3;7;3;False;23;True;211.98;Neutro
1812;52;M;Sudeste;1662.3;10;2;5;4;False;14;True;166.23;Neutro
1813;61;F;Nordeste;1403.68;9;4;6;2;True;30;False;155.96;Neutro
1814;24;F;Nordeste;2843.73;8;8;9;7;True;34;True;355.47;Eco-Consciente
1815;37;F;Nordeste;2457.93;10;6;6;2;False;72;False;245.79;Neutro
1816;32;F;Nordeste;1056.55;6;2;3;1;False;82;False;176.09;Tradicional
1817;61;M;Centro-Oeste;2023.84;8;7;9;5;True;79;False;252.98;Eco-Consciente
1818;55;M;Sul;1697.45;15;9;10;11;True;71;False;113.16;Eco-Consciente
1819;56;F;Sudeste;1046.43;6;2;4;1;False;10;True;174.4;Tradicional
1820;47;F;Norte;2473.98;7;6;6;4;False;12;True;353.43;Neutro
1821;46;M;Sul;1585.2;7;0;3;1;False;37;False;226.46;Tradicional
1822;47;F;Nordeste;1425.74;3;2;3;2;False;7;False;475.25;Tradicional
1823;59;F;Centro-Oeste;814.93;4;2;5;2;False;28;False;203.73;Tradicional
1824;30;F;Sul;1623.35;6;0;4;2;True;77;False;270.56;Tradicional
1825;27;F;Nordeste;2262.71;8;3;5;3;False;51;True;282.84;Neutro
1826;35;F;Sudeste;1648.7;19;10;10;10;True;68;False;86.77;Eco-Consciente
1827;43;M;Sul;758.03;3;2;4;1;False;67;False;252.68;Tradicional
1828;49;M;Sudeste;1818.28;16;6;10;10;True;6;True;113.64;Eco-Consciente
1829;21;F;Centro-Oeste;2879.57;14;10;8;10;True;26;False;205.68;Eco-Consciente
1830;40;F;Sul;3550.69;11;8;10;5;True;31;True;322.79;Eco-Consciente
1831;32;M;Centro-Oeste;3023.82;17;6;9;6;True;22;False;177.87;Eco-Consciente
1832;39;F;Nordeste;1635.41;6;0;5;0;False;11;True;272.57;Tradicional
1833;60;M;Sudeste;3370.58;8;8;9;9;True;77;False;421.32;Eco-Consciente
1834;31;F;Sudeste;1516.54;7;1;5;0;False;47;False;216.65;Tradicional
1835;42;M;Centro-Oeste;2240.21;10;4;6;4;True;16;False;224.02;Neutro
1836;51;M;Sudeste;3597.22;11;10;10;6;True;10;True;327.02;Eco-Consciente
1837;27;M;Sul;1760.2;5;1;3;2;False;66;False;352.04;Tradicional
1838;64;F;Sul;1786.1;18;6;8;6;True;9;True;99.23;Eco-Consciente
1839;36;F;Sul;838.81;5;2;5;1;False;46;False;167.76;Tradicional
1840;21;F;Nordeste;3966.74;8;8;9;7;True;24;True;495.84;Eco-Consciente
1841;60;F;Centro-Oeste;1084.6;11;2;5;4;True;61;False;98.6;Neutro
1842;23;F;Nordeste;1547.23;8;2;5;2;False;67;True;193.4;Neutro
1843;49;F;Sul;2943.0;18;10;8;12;True;23;True;163.5;Eco-Consciente
1844;56;F;Nordeste;1087.8;6;3;6;2;True;61;False;181.3;Neutro
1845;51;F;Sudeste;1024.62;4;0;4;2;False;70;True;256.15;Tradicional
1846;41;F;Sudeste;1787.71;11;4;7;4;False;37;True;162.52;Neutro
1847;30;F;Sudeste;1060.88;4;1;4;1;True;8;True;265.22;Tradicional
1848;53;F;Sudeste;2074.22;6;4;7;5;False;45;True;345.7;Neutro
1849;48;M;Norte;2690.05;19;10;9;11;True;44;True;141.58;Eco-Consciente
1850;46;F;Sul;1161.94;11;2;7;5;True;53;True;105.63;Neutro
1851;26;F;Sudeste;1566.12;15;6;8;9;True;11;True;104.41;Eco-Consciente
1852;37;M;Norte;1261.43;4;0;4;1;True;74;False;315.36;Tradicional
1853;62;M;Nordeste;731.17;3;1;5;0;False;52;True;243.72;Tradicional
1854;35;F;Sudeste;1762.81;6;4;7;5;False;72;True;293.8;Neutro
1855;56;F;Nordeste;3644.41;18;6;10;6;True;14;True;202.47;Eco-Consciente
1856;53;M;Nordeste;3260.65;12;8;8;12;True;75;True;271.72;Eco-Consciente
1857;41;F;Sul;2656.14;15;7;9;9;True;62;True;177.08;Eco-Consciente
1858;50;M;Sudeste;2669.4;12;10;10;12;True;77;True;222.45;Eco-Consciente
1859;36;F;Sul;1295.97;10;4;5;3;False;75;True;129.6;Neutro
1860;45;M;Sul;1539.97;3;0;4;0;False;56;True;513.32;Tradicional
1861;28;F;Sudeste;1582.2;6;2;7;3;False;77;True;263.7;Neutro
1862;39;M;Nordeste;3574.17;19;8;10;8;True;30;True;188.11;Eco-Consciente
1863;53;F;Sul;893.16;5;0;4;2;False;29;False;178.63;Tradicional
1864;46;F;Norte;3615.72;14;7;10;9;True;58;True;258.27;Eco-Consciente
1865;40;M;Centro-Oeste;3951.62;10;8;8;8;True;13;True;395.16;Eco-Consciente
1866;53;F;Sudeste;1698.66;5;2;3;1;False;82;True;339.73;Tradicional
1867;45;F;Sul;2165.61;15;8;8;12;True;67;True;144.37;Eco-Consciente
1868;63;M;Nordeste;1949.15;8;9;8;6;True;70;False;243.64;Eco-Consciente
1869;52;M;Nordeste;2417.48;11;2;7;4;False;50;False;219.77;Neutro
1870;64;F;Norte;1752.72;18;8;8;10;True;49;True;97.37;Eco-Consciente
1871;56;M;Norte;1783.86;6;6;7;2;False;82;True;297.31;Neutro
1872;58;F;Nordeste;1137.22;9;5;5;4;False;66;True;126.36;Neutro
1873;50;F;Nordeste;1499.63;9;6;6;4;True;56;True;166.63;Neutro
1874;46;F;Sul;3227.13;13;7;9;9;True;29;True;248.24;Eco-Consciente
1875;22;F;Sul;3642.98;14;7;10;12;True;26;False;260.21;Eco-Consciente
1876;23;F;Sul;2190.76;9;6;5;4;False;13;True;243.42;Neutro
1877;60;M;Sul;719.84;3;2;3;0;False;52;True;239.95;Tradicional
1878;22;F;Sudeste;3154.23;11;10;9;8;True;12;True;286.75;Eco-Consciente
1879;62;F;Norte;805.26;7;2;4;2;False;20;False;115.04;Tradicional
1880;26;F;Sudeste;2242.32;9;3;7;5;False;48;True;249.15;Neutro
1881;47;F;Nordeste;1747.91;3;0;3;2;False;72;False;582.64;Tradicional
1882;45;F;Sudeste;2361.26;11;10;9;8;True;78;True;214.66;Eco-Consciente
1883;58;F;Sudeste;3683.94;16;6;10;11;True;33;True;230.25;Eco-Consciente
1884;34;F;Sudeste;1794.47;5;6;7;2;False;31;True;358.89;Neutro
1885;27;M;Sul;1456.21;3;1;4;0;False;58;False;485.4;Tradicional
1886;46;F;Nordeste;2437.49;7;4;6;3;False;6;False;348.21;Neutro
1887;42;M;Nordeste;1906.73;9;4;7;3;True;24;True;211.86;Neutro
1888;60;F;Centro-Oeste;2523.12;10;10;8;10;True;20;False;252.31;Eco-Consciente
1889;51;F;Centro-Oeste;2162.59;16;10;8;8;True;6;True;135.16;Eco-Consciente
1890;51;F;Sul;2069.45;9;8;10;6;True;21;False;229.94;Eco-Consciente
1891;27;F;Nordeste;1746.96;10;4;6;4;True;28;True;174.7;Neutro
1892;20;F;Nordeste;2744.12;9;7;9;11;True;79;True;304.9;Eco-Consciente
1893;28;M;Sul;1523.1;18;8;8;11;True;55;True;84.62;Eco-Consciente
1894;57;M;Norte;2809.4;17;10;10;6;True;33;True;165.26;Eco-Consciente
1895;45;F;Sudeste;1623.52;5;4;7;5;False;62;False;324.7;Neutro
1896;51;F;Sudeste;936.1;7;0;5;2;False;53;False;133.73;Tradicional
1897;34;M;Sudeste;1690.73;6;2;3;0;False;35;False;281.79;Tradicional
1898;25;F;Sul;893.7;4;0;3;1;False;76;False;223.42;Tradicional
1899;32;F;Sul;1240.48;10;4;5;2;True;69;False;124.05;Neutro
1900;34;F;Centro-Oeste;1370.68;7;0;5;0;True;79;True;195.81;Tradicional
1901;45;F;Nordeste;1170.35;10;2;6;5;False;27;True;117.03;Neutro
1902;48;F;Sudeste;1925.38;12;10;9;5;True;17;True;160.45;Eco-Consciente
1903;59;M;Nordeste;2157.38;11;3;5;2;True;58;False;196.13;Neutro
1904;22;M;Sul;1170.38;6;6;6;4;True;57;True;195.06;Neutro
1905;61;F;Sul;1816.36;10;9;10;6;True;55;True;181.64;Eco-Consciente
1906;24;F;Sudeste;870.88;7;1;4;0;False;83;False;124.41;Tradicional
1907;56;F;Centro-Oeste;2393.1;10;9;8;11;True;59;True;239.31;Eco-Consciente
1908;29;F;Norte;1875.13;7;6;5;3;False;23;False;267.88;Neutro
1909;58;F;Sudeste;3800.49;8;10;8;12;True;30;True;475.06;Eco-Consciente
1910;49;F;Centro-Oeste;3142.99;16;10;10;6;True;18;True;196.44;Eco-Consciente
1911;45;F;Sul;1630.11;11;5;6;3;False;31;False;148.19;Neutro
1912;46;F;Centro-Oeste;1848.34;9;4;6;2;False;82;True;205.37;Neutro
1913;64;F;Nordeste;1884.56;17;8;9;7;True;38;False;110.86;Eco-Consciente
1914;21;F;Nordeste;2047.18;11;5;6;5;False;39;True;186.11;Neutro
1915;29;F;Centro-Oeste;1336.44;7;2;3;2;False;9;False;190.92;Tradicional
1916;43;F;Nordeste;1167.37;10;4;6;3;False;61;False;116.74;Neutro
1917;30;F;Sul;3572.95;8;6;8;9;True;64;True;446.62;Eco-Consciente
1918;40;F;Nordeste;1351.68;3;1;5;0;True;18;True;450.56;Tradicional
1919;57;F;Sudeste;1720.02;15;7;9;8;True;65;True;114.67;Eco-Consciente
1920;37;F;Sul;3453.81;19;10;10;7;True;29;False;181.78;Eco-Consciente
1921;40;M;Nordeste;935.68;4;0;4;1;False;78;False;233.92;Tradicional
1922;40;F;Sudeste;1509.91;5;0;3;0;False;70;False;301.98;Tradicional
1923;30;F;Nordeste;2321.86;13;6;8;8;True;78;True;178.6;Eco-Consciente
1924;61;M;Sul;2052.92;7;4;7;5;True;40;True;293.27;Neutro
1925;38;M;Sul;2240.16;19;10;10;8;True;57;False;117.9;Eco-Consciente
1926;37;F;Nordeste;1393.04;3;2;3;0;False;38;True;464.35;Tradicional
1927;23;F;Sudeste;3786.14;18;6;10;5;True;28;True;210.34;Eco-Consciente
1928;24;F;Sudeste;1258.4;7;2;5;1;False;24;False;179.77;Tradicional
1929;27;M;Nordeste;2053.63;8;6;6;5;False;26;False;256.7;Neutro
1930;47;F;Centro-Oeste;2724.57;12;9;8;7;True;13;False;227.05;Eco-Consciente
1931;35;M;Sudeste;1438.91;9;3;6;3;False;51;True;159.88;Neutro
1932;64;F;Sudeste;1003.73;6;0;5;2;False;34;False;167.29;Tradicional
1933;55;F;Nordeste;1306.76;11;3;7;4;False;70;True;118.8;Neutro
1934;41;F;Norte;948.47;7;0;3;1;False;59;False;135.5;Tradicional
1935;51;F;Sudeste;1730.22;6;0;3;0;True;44;False;288.37;Tradicional
1936;62;F;Sudeste;3528.08;12;7;8;9;True;17;True;294.01;Eco-Consciente
1937;25;F;Nordeste;1603.2;7;2;7;5;False;44;False;229.03;Neutro
1938;37;F;Sul;2033.89;11;6;7;3;False;65;True;184.9;Neutro
1939;46;F;Centro-Oeste;3152.43;9;9;8;7;True;79;True;350.27;Eco-Consciente
1940;54;F;Sul;1090.64;3;1;3;1;False;47;False;363.55;Tradicional
1941;64;F;Sudeste;1815.34;17;6;8;8;True;42;True;106.78;Eco-Consciente
1942;46;F;Sul;2047.43;10;8;9;12;True;77;True;204.74;Eco-Consciente
1943;20;F;Sudeste;3054.56;11;10;9;7;True;53;True;277.69;Eco-Consciente
1944;34;F;Sul;1918.25;17;6;8;11;True;18;True;112.84;Eco-Consciente
1945;29;F;Nordeste;1590.77;5;0;5;2;False;51;False;318.15;Tradicional
1946;20;M;Sudeste;783.69;4;2;4;1;False;81;True;195.92;Tradicional
1947;41;F;Nordeste;1035.19;10;2;5;5;False;59;True;103.52;Neutro
1948;60;M;Sul;2165.94;13;8;8;9;True;75;True;166.61;Eco-Consciente
1949;40;F;Sudeste;1806.46;19;6;9;7;True;45;True;95.08;Eco-Consciente
1950;30;M;Sul;2536.2;9;9;10;9;True;33;True;281.8;Eco-Consciente
1951;40;F;Nordeste;1038.42;6;0;4;0;True;52;False;173.07;Tradicional
1952;32;F;Nordeste;842.68;7;1;5;2;False;22;True;120.38;Tradicional
1953;43;F;Sudeste;2295.41;9;10;8;12;True;21;True;255.05;Eco-Consciente
1954;55;M;Sudeste;1682.59;6;0;3;2;False;53;False;280.43;Tradicional
1955;50;F;Centro-Oeste;1263.23;4;1;4;2;False;62;False;315.81;Tradicional
1956;44;F;Norte;3477.99;12;8;8;8;True;67;True;289.83;Eco-Consciente
1957;54;F;Sudeste;2493.11;11;9;9;5;True;30;False;226.65;Eco-Consciente
1958;35;F;Sul;1533.77;8;4;7;2;False;10;True;191.72;Neutro
1959;57;F;Sul;2020.06;13;6;9;7;True;38;True;155.39;Eco-Consciente
1960;23;F;Sudeste;891.6;4;0;3;0;False;64;False;222.9;Tradicional
1961;33;F;Sudeste;1650.29;7;1;5;2;False;60;True;235.76;Tradicional
1962;25;M;Nordeste;2964.74;13;7;8;8;True;44;False;228.06;Eco-Consciente
1963;49;F;Sudeste;2208.37;6;5;7;3;False;47;True;368.06;Neutro
1964;53;F;Nordeste;1714.89;7;2;4;2;False;14;False;244.98;Tradicional
1965;62;F;Sul;3697.78;10;7;10;8;True;58;True;369.78;Eco-Consciente
1966;21;F;Norte;1540.67;3;0;5;1;False;47;True;513.56;Tradicional
1967;38;F;Sudeste;1147.89;3;2;3;2;True;81;True;382.63;Tradicional
1968;20;M;Nordeste;2344.86;9;2;5;3;True;11;True;260.54;Neutro
1969;38;M;Sudeste;1782.61;3;2;4;2;False;63;True;594.2;Tradicional
1970;34;F;Sudeste;3252.85;18;9;10;7;True;53;True;180.71;Eco-Consciente
1971;30;F;Centro-Oeste;1673.77;11;7;10;10;True;31;True;152.16;Eco-Consciente
1972;27;F;Sudeste;2594.91;15;6;9;10;True;38;True;172.99;Eco-Consciente
1973;47;M;Centro-Oeste;2219.77;5;6;5;5;False;28;True;443.95;Neutro
1974;33;F;Norte;1353.26;7;1;3;2;False;50;False;193.32;Tradicional
1975;64;F;Nordeste;2348.88;11;5;6;2;False;21;True;213.53;Neutro
1976;22;F;Nordeste;2247.99;10;5;7;2;True;44;True;224.8;Neutro
1977;63;F;Norte;2393.53;9;4;6;3;False;55;True;265.95;Neutro
1978;34;F;Nordeste;1113.81;11;5;7;4;False;15;False;101.26;Neutro
1979;44;F;Sul;3025.98;14;9;9;9;True;82;False;216.14;Eco-Consciente
1980;62;F;Nordeste;3323.57;17;10;8;5;True;38;True;195.5;Eco-Consciente
1981;45;F;Nordeste;1280.1;11;2;7;5;False;68;True;116.37;Neutro
1982;44;M;Sudeste;1173.51;7;3;6;5;False;71;True;167.64;Neutro
1983;37;F;Sudeste;1880.23;11;5;6;3;False;26;False;170.93;Neutro
1984;32;F;Nordeste;1744.26;7;3;5;3;False;7;True;249.18;Neutro
1985;38;F;Nordeste;1076.28;6;3;6;4;False;48;True;179.38;Neutro
1986;27;F;Nordeste;1543.88;7;1;5;1;False;23;False;220.55;Tradicional
1987;30;M;Sul;1637.59;18;7;8;10;True;29;True;90.98;Eco-Consciente
1988;56;M;Sudeste;3569.57;11;10;8;9;True;33;True;324.51;Eco-Consciente
1989;41;F;Sul;1732.62;3;1;3;0;False;52;False;577.54;Tradicional
1990;21;F;Nordeste;1169.85;3;0;5;2;False;71;True;389.95;Tradicional
1991;57;F;Sul;1027.79;7;3;7;2;False;22;False;146.83;Neutro
1992;46;F;Nordeste;3455.99;8;7;8;11;True;28;True;432.0;Eco-Consciente
1993;56;F;Sudeste;1110.72;7;1;5;0;False;26;False;158.67;Tradicional
1994;44;F;Sul;761.9;6;2;3;1;True;75;False;126.98;Tradicional
1995;47;F;Sul;1211.17;8;3;6;2;False;28;False;151.4;Neutro
1996;49;F;Sul;2626.46;9;9;8;7;True;29;False;291.83;Eco-Consciente
1997;57;F;Nordeste;1310.37;7;6;7;3;False;6;False;187.2;Neutro
1998;63;F;Sudeste;889.87;6;0;5;2;False;23;True;148.31;Tradicional
1999;24;F;Sudeste;1322.63;8;3;5;3;False;19;True;165.33;Neutro
2000;43;F;Nordeste;2231.55;5;6;6;2;False;17;True;446.31;Neutro
